Name,State,Management Unit
Squaw Rock,MT,GARNET
Granite Pass,ID,Cassia RMP Amendment
Beaverhead Rock,MT,DILLON
Green Mountain,WY,UNK
Owl Creek,WY,Grass Creek Resource Management Plan
Lookout Mountain ACEC,CO,Little Snake
Whiskey Mountain,WY,UNK
Irish Canyon ACEC,CO,Little Snake
Cheatbeck Canyon RNA,ID,Pocatello RMP
Salt Wells,UT,Box Elder RMP Amendment
Centennial Mountains,MT,DILLON
South Pass,WY,UNK
Raymond Mountain ACEC,WY,Kemmerer Resource Management Pland ROD
East Fork,WY,UNK
Special Status Plant Species,WY,Special Status Plant Species
Limestone Ridge ACEC,CO,Little Snake
Central Pacific Railroad Grade,UT,Box Elder RMP Amendment
Donkey Hills,ID,Challis RMP
North Menan Butte,ID,Medicine Lodge RMP
Game Creek RNA,ID,Medicine Lodge RMP
Thousand Springs RNA,ID,Challis RMP
Salmon Falls Creek Canyon,ID,Amendment to Jarbidge RMP and Twin Falls MFP
Formation Cave RNA,ID,Pocatello RMP
Vinyard Lake,ID,Monument RMP
St. Anthony Sand Dunes RNA,ID,Medicine Lodge RMP
Mormon Mesa,NV,Las Vegas RMP
Dry Gulch RNA,ID,Challis RMP
Big Beaver,ID,Sun Valley MFP
Box Canyon,ID,Monument RMP
Geoff Hogander/Stump Creek,ID,Pocatello RMP
Nine Mile Knoll,ID,Medicine Lodge RMP
Downey Watershed,ID,Pocatello RMP
North Menan Butte RNA,ID,Medicine Lodge RMP
Snake River,ID,Medicine Lodge RMP
Herd Creek Watershed RNA,ID,Challis RMP
Tee-Maze,ID,Shoshone Land Tenure Amendment
Antelope Flat RNA,ID,Challis RMP
Salt Wells,UT,Box Elder RMP Amendment
Cronk's Canyon RNA,ID,Challis RMP
Van Komen Homestead,ID,Malad MFP
Dairy Hollow RNA,ID,Pocatello RMP
Malm Gulch/Germer Basin ACEC,ID,Challis RMP
East Fork Salmon River Bench RNA,ID,Challis RMP
Robbers Roost Creek RNA,ID,Pocatello RMP
Goose Creek Mesa,ID,Cassia RMP Amendment
DESERT GRASSLANDS RNA ACEC - MESCAL RIDGE,AZ,Safford RMP
Indian Rocks,ID,Pocatello RMP Amendment
Travertine Park RNA,ID,Pocatello RMP
Summit Creek RNA,ID,Challis RMP
Pine Gap RNA,ID,Pocatello RMP
Squaw Creek Island RNA,ID,Medicine Lodge RMP
China Cup Butte RNA,ID,Big Desert MFP
Trail Creek RNA,ID,Lemhi RMP
Oregon Buttes,WY,Oregon Buttes
Sand Hollow RNA,ID,Challis RMP
Blue Springs,UT,Box Elder RMP Amendment
Salt Wells,UT,Box Elder RMP Amendment
Blue Lake,MT,DILLON
Sun Peak,ID,Sun Valley MFP
Reid Canal Island RNA,ID,Medicine Lodge RMP
Travertine Park,ID,Pocatello RMP
Pine Creek Island RNA,ID,Medicine Lodge RMP
Lone Bird,ID,Challis RMP
Oneida Narrows RNA,ID,Pocatello RMP
WIND MOUNTAIN,NM,
EAGLE CREEK BAT CAVE ACEC,AZ,Safford RMP
Birch Creek,ID,Challis RMP
Pennal Gulch,ID,Challis RMP
Sevenmile Creek,ID,Lemhi RMP
Herd Creek Watershed,ID,Challis RMP
Malm Gulch/Germer Basin RNA,ID,Challis RMP
Elk Mountain,ID,Sun Valley MFP
Old Juniper Townsite,ID,Malad MFP
Bowen Canyon Bald Eagle Sanctuary,ID,Malad MFP
McKinney Butte,ID,Shoshone Land Tenure Amendment
La Jara,NM,Farmington RMP
Peck's Canyon RNA,ID,Challis RMP
Judith Mountains Scenic Area,MT,JUDITH VALLEY PHILLIPS
Virginia City Historic Distric,MT,DILLON
Prairie Dog Towns,MT,JUDITH VALLEY PHILLIPS
Azure Cave,MT,JUDITH VALLEY PHILLIPS
Cronk's Canyon,ID,Challis RMP
Thousand Springs,ID,Challis RMP
Jim Sage Canyon,ID,Cassia RMP Amendment
Rattler Gulch Limestone Cliffs,MT,GARNET
Salt Wells,UT,Box Elder RMP Amendment
Bridger Butte,WY,Kemmerer Resource Management Plan ROD
Rock House-Nestor Martin Homestead,NM,Farmington RMP
Henrys Lake,ID,Medicine Lodge RMP
Summit Creek ACEC,ID,Challis RMP
Substation Tract,ID,Monument RMP
Playas,ID,Twin Falls MFP
Oregon-California Trail Junction,ID,Cassia RMP Amendment
Acid Shale-Pine Forest,MT,JUDITH VALLEY PHILLIPS
Cow Creek,MT,WEST HILINE
DESERT GRASSLANDS RNA ACEC - SOMBRERO BUTTE,AZ,Safford RMP
Bear Creek Flats,MT,GARNET
Centennial Sandhills,MT,DILLON
Cushion Plant Community,WY,Kemmerer Resource Management Plan ROD
Block Mountain,MT,DILLON
Collar Gulch,MT,JUDITH VALLEY PHILLIPS
Meeteetse Spires,MT,BILLINGS
Beaver Creek ACEC,WY,UNK
Red Gulch Dinosaur Tracksite,WY,amended Washakie Resource Management Plan
Little Mountain,WY,Cody RMP
TANNER WASH ACEC,AZ,Phoenix RMP
Humbug Spires,MT,BUTTE
Blue Springs,UT,Box Elder RMP Amendment
Big Cedar Ridge,WY,amended Washakie Resource Management Plan
Five Springs Falls,WY,Cody RMP
White Mountain Petroglyphs,WY,White Mountain Petrolyphs
HUALAPAI MOUNTAIN ACEC,AZ,Kingman RMP
New Fork Potholes,WY,UNK
Trapper's Point,WY,UNK
Rock Creek,WY,UNK
Sheep Mountain Anticline,WY,Cody RMP
Greater Red Creek,WY,Currant Creek
Steamboat Mountain,WY,Steamboat Mountain
Sand Hills/JO Ranch ACEC,WY,Rawlins Field Office RMP
Dubois Badlands,WY,UNK
Frances #1,NM,Farmington RMP
Greater Sand Dunes,WY,Greater Sand Dunes
Natural Corrals,WY,Natural Corrals
Beaver Rim,WY,UNK
Pine Springs,WY,Pine Springs
South Pass Historic Landscape,WY,South Pass Historic Landscape
Cedar Canyon,WY,Cedar Canyon
Greater Red Creek,WY,Sage Creek
Greater Red Creek,WY,Red Creek
Blue Springs,UT,Box Elder RMP Amendment
Salt Wells,UT,Box Elder RMP Amendment
Salt Wells,UT,Box Elder RMP Amendment
Blue Springs,UT,Box Elder RMP Amendment
Salt Wells,UT,Box Elder RMP Amendment
Laketown Canyon,UT,Randolph MFP Decisions
Salt Wells,UT,Box Elder RMP Amendment
Salt Wells,UT,Box Elder RMP Amendment
Carter Mountain,WY,Cody RMP
UPPER BEAVER DAM WASH,UT,UNK
Red Creek,UT,Vernal Field Office RMP
Donner Creek/Bettridge Creek,UT,Box Elder RMP Amendment
Brown/Howe Dinosaur,WY,Cody RMP-Amendment
Cedar Hill,NM,Farmington RMP
Hovenweep,XX,Monticello Field Office RMP
GUADALUPE CANYON ONA ACEC,AZ,Safford RMP
Central Pacific Railroad Grade,UT,Box Elder RMP Amendment
Salt Wells,UT,Box Elder RMP Amendment
Casamero Community,NM,Farmington RMP
RINCON,NM,
SAN PEDRO RIVER RNA ACEC,AZ,Safford RMP
Browns Park,UT,Vernal Field Office RMP
Significant sites along OMPCPE NHT,WY,UNK
Lander Slope,WY,UNK
Sleeping Giant,MT,BUTTE
Frances #3,NM,Farmington RMP
TABLE MTN. RNA ACEC,AZ,Safford RMP
Red Canyon,WY,UNK
CANAAN MOUNTAIN,UT,UNK
Bonneville Salt Flats,UT,Pony Express Resource RMP
ROSWELL CAVE COMPLEX ACEC,NM,Roswell RMP
ORGAN/FRANKLIN MOUNTAINS,NM,
Dogie Canyon School,NM,Farmington RMP
Pelona Mountain,NM,Socorro RMP
Ah-shi-sle-pah Road,NM,Farmington RMP
Gonzalez Canyon-Senon S. Vigil Homestead,NM,Farmington RMP
La Plata #1,NM,Farmington RMP
Valley of the Gods,XX,Monticello Field Office RMP
San Juan River,XX,Monticello Field Office RMP
Pregnant Basketmaker,NM,Farmington RMP
Animas #5,NM,Farmington RMP
San Juan #4,NM,Farmington RMP
OLD TOWN,NM,
Martin Apodaco Homestead,NM,Farmington RMP
Santa Rosa,NM,Farmington RMP
Animas #4,NM,Farmington RMP
South Bloomfield,NM,Farmington RMP
Halfway House,NM,Farmington RMP
La Plata #11,NM,Farmington RMP
Bancos #5,NM,Farmington RMP
Jewett Valley,NM,Farmington RMP
Gallegos,NM,Farmington RMP
BLUE SPRING,NM,Carlsbad RMP
San Juan #3,NM,Farmington RMP
DESERT GRASSLANDS RNA ACEC - PILARES,AZ,Safford RMP
TURKEY CREEK ACEC,AZ,Safford RMP
Pine #1,NM,Farmington RMP
Cucharas Canyon ACEC,CO,Royal Gorge
Santos Peak,NM,Farmington RMP
Cumbres and Toltec RR Corridor ACEC,CO,San Luis
BOWIE MTN SCENIC ACEC,AZ,Safford RMP
San Juan #7 Unit,NM,Farmington RMP
BOWIE MTN SCENIC ACEC,AZ,Safford RMP
OUT,UT,UNK
Blanca ACEC,CO,San Luis
ST.DAVID CIENEGA RNA ACEC,AZ,Safford RMP
La Jara #1 Unit,NM,Farmington RMP
Ra Jadero Canyon ACEC,CO,San Luis
American Basin ACEC,CO,Gunnison
SAN RAFAEL RNA ACEC,AZ,Safford RMP
Slumgullion Earthflow ACEC,CO,Gunnison
Redcloud Peak ACEC,CO,Gunnison
BEAR SPRINGS BADLANDS ACEC,AZ,Safford RMP
111 RANCH RNA ACEC,AZ,Safford RMP
Mud Springs ACEC,CO,Unknown
Elephant Rocks ACEC,CO,San Luis
Rio Grande Corridor ACEC,CO,San Luis
Superior Mesa,NM,Farmington RMP
Moss Trail,NM,Farmington RMP
San Luis Hills ACEC,CO,San Luis
San Juan #5,NM,Farmington RMP
La Plata River Tract,NM,Farmington RMP
TURKEY CREEK ACEC,AZ,Safford RMP
SWAMP SPRINGS/HOT SPRINGS WATERSHED ACEC,AZ,Safford RMP
DOS CABEZAS PEAKS ACEC,AZ,Safford RMP
WILLCOX PLAYA NNL ACEC,AZ,Safford RMP
APPLETON-WHITTELL ACEC,AZ,Phoenix RMP
APPLETON-WHITTELL ACEC,AZ,Phoenix RMP
Frances #3 Unit,NM,Farmington RMP
Simon Ruin,NM,Farmington RMP
Pronoun Cave,NM,Rio Puerco Resource Management Plan
Frances #1 Unit,NM,Farmington RMP
La Jara #4,NM,Farmington RMP
San Juan #6 Unit,NM,Farmington RMP
Animas #6,NM,Farmington RMP
La Jara #3 Unit,NM,Farmington RMP
GRANITE GAP,NM,
Hovenweep,XX,Monticello Field Office RMP
La Jara #3,NM,Farmington RMP
Frances #6 Unit,NM,Farmington RMP
Hovenweep,XX,Monticello Field Office RMP
Hovenweep,XX,Monticello Field Office RMP
LESSER PRAIRIE CHICKEN HABITAT PRESERVATION ACEC,NM,Special Status Species RMPA
Hovenweep,XX,Monticello Field Office RMP
Hogback,NM,Farmington RMP
Torreon Fossil Fauna East,NM,Rio Puerco Resource Management Plan
Eul Canyon,NM,Farmington RMP
San Juan #3 Unit,NM,Farmington RMP
Mexican Spotted Owl,NM,Farmington RMP
Scotch Creek,OR,Medford District RMP 1995
San Juan River,XX,Monticello Field Office RMP
Hovenweep,XX,Monticello Field Office RMP
San Juan #1 Unit,NM,Farmington RMP
Alkali Ridge,XX,Monticello Field Office RMP
San Juan #4 Unit,NM,Farmington RMP
San Juan River,XX,Monticello Field Office RMP
San Juan #2,NM,Farmington RMP
Encinada Mesa-Carrizo Canyon,NM,Farmington RMP
La Jara #5,NM,Farmington RMP
Subdivision,NM,Farmington RMP
La Plata #4,NM,Farmington RMP
OUT,UT,UNK
Pine #2,NM,Farmington RMP
Crow Canyon,NM,Farmington RMP
La Plata #10,NM,Farmington RMP
Animas #1,NM,Farmington RMP
CHOSA DRAW,NM,Carlsbad RMP
Frances #4,NM,Farmington RMP
La Plata #6,NM,Farmington RMP
Bancos #3,NM,Farmington RMP
Frances #5 Unit,NM,Farmington RMP
Pierre's Site,NM,Farmington RMP
La Plata #8,NM,Farmington RMP
Valdez,NM,Farmington RMP
Fox Hollow,OR,Eugene District RMP 1995
Frances #6,NM,Farmington RMP
San Juan #2 Unit,NM,Farmington RMP
Dick Earl Canyon Unit,NM,Farmington RMP
La Jara #2,NM,Farmington RMP
Torreon Fossil Fauna West,NM,Rio Puerco Resource Management Plan
Blanco River Tract,NM,Farmington RMP
Pine #3 Unit,NM,Farmington RMP
La Plata #5,NM,Farmington RMP
Bancos #4,NM,Farmington RMP
Coburg Hills RFI,OR,Eugene District RMP 1995
San Juan #1,NM,Farmington RMP
Ball Ranch,NM,Rio Puerco Resource Management Plan
Pine #3,NM,Farmington RMP
Bancos #2,NM,Farmington RMP
LONESOME RIDGE,NM,Carlsbad RMP
Bluewater,NM,Rio Puerco Resource Management Plan
Jones Canyon,NM,Rio Puerco Resource Management Plan
Bancos #1,NM,Farmington RMP
La Jara #1,NM,Farmington RMP
Winter Range,NM,TAOS RMP
Tent Rocks,NM,Rio Puerco Resource Management Plan
Negro Canyon Unit,NM,Farmington RMP
Wheeler,NM,Farmington RMP
Black Mesa,NM,TAOS RMP
Horse Mountain,NM,Socorro RMP
Warner Wetlands,OR,Warner Lakes MFP Amendment 1989
Tapia Canyon,NM,Rio Puerco Resource Management Plan
Archuleta River Tract,NM,Farmington RMP
Margarita Martinez Homestead,NM,Farmington RMP
Cabezon Peak,NM,Rio Puerco Resource Management Plan
Schneider,NM,Farmington RMP
Twin Angels,NM,Farmington RMP
Elk Springs,NM,Rio Puerco Resource Management Plan
La Jara #2 Unit,NM,Farmington RMP
Tapacito and Split Rock,NM,Farmington RMP
Heceta Sand Dunes,OR,Eugene District RMP 1995
Agua Fria,NM,Socorro RMP
Pine #1 Unit,NM,Farmington RMP
Bull Calf,NM,Farmington RMP
Ojo Caliente,NM,TAOS RMP
Ojito,NM,Rio Puerco Resource Management Plan
Bodie Bowl,CA,
Cerro Pomo,NM,Socorro RMP
La Jara #5 Unit,NM,Farmington RMP
ALKALI LAKES,NM,
Travertine Hot Springs,CA,
Mattole Beach,CA,
Lower Gorge,NM,TAOS RMP
San Luis Mesa,NM,Rio Puerco Resource Management Plan
Sombrillo,NM,TAOS RMP
San Antonio Gorge,NM,TAOS RMP
Dzil'na'oodlii (Huerfano Mesa),NM,Farmington RMP
Goose Lake,CA,
La Cienega,NM,TAOS RMP
San Juan #7,NM,Farmington RMP
La Jara #6 Unit,NM,Farmington RMP
Kutz,NM,Farmington RMP
Ladron Mountain - Devil's Backbone Complex,NM,Socorro RMP
Spruce Canyon Unit,NM,Farmington RMP
Pine #2 Unit,NM,Farmington RMP
Desert Hills,NM,Farmington RMP
Old Road River Tract,NM,Farmington RMP
Copper Hill,NM,TAOS RMP
Frances #5,NM,Farmington RMP
Frances #2,NM,Farmington RMP
Animas #3,NM,Farmington RMP
La Plata #3,NM,Farmington RMP
San Juan #5 Unit,NM,Farmington RMP
Carizzo Plain,CA,
San Juan #6,NM,Farmington RMP
Frances #2 Unit,NM,Farmington RMP
Bloomfield,NM,Farmington RMP
La Jara #4 Unit,NM,Farmington RMP
Christmas Tree Ruin,NM,Farmington RMP
Negro Canyon,NM,Farmington RMP
Frances #4 Unit,NM,Farmington RMP
North Road,NM,Farmington RMP
Bradshaw,NM,Farmington RMP
La Plata #9,NM,Farmington RMP
La Jara #6,NM,Farmington RMP
La Plata #7,NM,Farmington RMP
Animas #8,NM,Farmington RMP
DONA ANA MOUNTAINS,NM,
Dick Earl Canyon,NM,Farmington RMP
ALAMO MOUNTAIN,NM,
Angel Peak,NM,Farmington RMP
San Rafael Canyon,NM,Farmington RMP
Eul Canyon Unit,NM,Farmington RMP
NORTHERN PELONCILLO MOUNTAINS,NM,
Spruce Canyon,NM,Farmington RMP
NORTH PECOS RIVER,NM,Roswell RMP
GRAZING EXCLUSION AREA,NM,Roswell RMP
BEAR CREEK,NM,
Abert Rim,OR,Lakeview Resource Area RMP 2003
Miller Creek,OR,Klamath Falls Resource Area RMP 1995
Historic Roads,OR,Upper Deschutes Resource Area RMP 2005
South Fork Crooked River,OR,Unknown
Yaquina Head,OR,Salem District RMP 1995
MESCALERO SANDS ACEC,NM,Roswell RMP
GILA MIDDLE BOX,NM,
UVAS VALLEY,NM,
PECOS RIVER\CANYONS COMPLEX,NM,Carlsbad RMP
OVERFLOW WETLANDS,NM,Roswell RMP
GUADALUPE CANYON,NM,
DARK CANYON,NM,Carlsbad RMP
COOKES RANGE,NM,
SACRAMENTO ESCARPMENT,NM,
THREE RIVERS PETROGLYPH,NM,
Devils Garden Lava Beds,OR,High Desert MFP 1982
Wassen Creek,OR,Coos Bay District RMP 1995
Nissenan Manzanita,CA,
Fort Ord Public Lands,CA,
Limestone Salamander,CA,
Winter Roost,OR,Unknown
Yampo,OR,Salem District RMP 1995
GILA LOWER BOX,NM,
COWBOY SPRING,NM,
ALAMO HUECO MOUNTAINS,NM,
CORNUDAS MOUNTAIN,NM,
Long Draw,OR,Unknown
LOWER VIRGIN RIVER,UT,UNK
BLACK GRAMA,NM,
APACHE BOX,NM,
Incandescent Rocks,NV,Lahontan RMP
Crooks Creek,OR,Medford District RMP 1995
High Lakes,OR,Lakeview Resource Area RMP 2003
Bobby Creek,OR,Medford District RMP 1995
Umpqua River Wildlife Area-Martin Creek,OR,Roseburg District RMP 1995
Woodcock Bog,OR,Medford District RMP 1995
BIG HATCHET MOUNTAINS,NM,
Los Mogotes ACEC,CO,San Luis
Cougar Mountain Yew Grove,OR,Eugene District RMP 1995
Walker Flat,OR,Salem District RMP 1995
Yainax Butte,OR,Klamath Falls Resource Area RMP 1995
ROBLEDO MOUNTAINS,NM,
CENTRAL PELONCILLO MOUNTAINS,NM,
Lost Prairie,OR,Salem District RMP 1995
OUT,UT,UNK
FLORIDA MOUNTAINS,NM,
Red Hills,CA,
Panoche/Coalinga,CA,
Baker Cypress,CA,
Steamboat Hot Springs Geyser Basin,NV,Lahontan RMP
North Bank,OR,Unknown
Guano Creek-Sink Lakes,OR,Lakeview Resource Area RMP 2003
South Narrows,OR,Three Rivers Resource Area RMP 1992
North Fork Crooked River,OR,Unknown
Mohawk,OR,Eugene District RMP 1995
Black Hills,OR,Lakeview Resource Area RMP 2003
Old Baldy,OR,Medford District RMP 1995
Horse Ridge,OR,Unknown
Cowiche Canyon,OR,Spokane District RMP 1992
Tater Hill,OR,Roseburg District RMP 1995
Foster Flat,OR,Three Rivers Resource Area RMP 1992
Upper Elk Meadows,OR,Eugene District RMP 1995
North Umpqua River,OR,Unknown
Holton Creek,OR,Medford District RMP 1995
CANAAN MOUNTAIN,UT,UNK
Iceberg Point - Point Colville,OR,Unknown
Grassy Mountain,OR,Eugene District RMP 1995
White Rock Fen,OR,Unknown
Soosap Meadows,OR,Unknown
Juniper Mountain,OR,Lakeview Resource Area RMP 2003
Hot Lakes,OR,Spokane District RMP 1992
Upper Rock Creek,OR,Coos Bay District RMP 1995
Oregon Gulch,OR,Medford District RMP 1995
Little Sink,OR,Salem District RMP 1995
Foley Lake,OR,Lakeview Resource Area RMP 2003
Umpqua River Wildlife Area-Lost Creek,OR,Roseburg District RMP 1995
Bear Gulch,OR,Roseburg District RMP 1995
Shafer Creek,OR,Salem District RMP 1995
Umpqua River Wildlife Area-Cougar Creek,OR,Roseburg District RMP 1995
Lost Valley,CA,
Saddleback Mountain,OR,Salem District RMP 1995
Beatty Creek,OR,Roseburg District RMP 1995
Sheridan Peak,OR,Unknown
The Butte,OR,Unknown
Table Rock,OR,Lakeview Resource Area RMP 2003
Silver Creek,OR,Three Rivers Resource Area RMP 1992
Brewster Roost,OR,Spokane District RMP 1992
McCoy Canyon,OR,Spokane District RMP 1992
Baker Cypress,OR,Medford District RMP 1995
Rock Art,UT,Price Field Office RMP
North Spit,OR,Coos Bay District RMP 1995
Grayback Glades,OR,Medford District RMP 1995
Sterling Mine Ditch,OR,Medford District RMP 1995
Yakima River Cliffs - Uranium Ridge,OR,Spokane District RMP 1992
Long Tom,OR,Eugene District RMP 1995
Benjamin,OR,Unknown
French Flat,OR,Medford District RMP 1995
Coyote Mountains Fossil Site,CA,
Dry Mountain,OR,Three Rivers Resource Area RMP 1992
Powell Butte,OR,Unknown
Forest Creek - Fox Canyon,OR,Unknown
Myrtle Island,OR,Unknown
Williams Lake,OR,Unknown
Fish Creek Rim,OR,Lakeview Resource Area RMP 2003
Camas Swale,OR,Eugene District RMP 1995
Moon Prairie,OR,Medford District RMP 1995
Yakima River - Columbia River Island,OR,Spokane District RMP 1992
Forest Peak,OR,Salem District RMP 1995
Iron Creek,OR,Medford District RMP 1995
Tioga Creek,OR,Coos Bay District RMP 1995
Sandy River Gourge,OR,Unknown
RED MOUNTAIN,UT,UNK
Tumalo Canal,OR,Unknown
North Santiam,OR,Salem District RMP 1995
Horn Butte,OR,Unknown
North Fork Hunter Creek,OR,Unknown
SEARS POINT ACEC CORE,AZ,Yuma RMP
Yakima River Canyon,OR,Spokane District RMP 1992
Eight Dollar Mountain,OR,Medford District RMP 1995
OUT,UT,UNK
Alkali Sinks,CA,Caliente
Tin Cup,OR,Medford District RMP 1995
Marys Peak,OR,Salem District RMP 1995
Cherry Creek,OR,Unknown
China Wall,OR,Coos Bay District RMP 1995
Singer Geoglyphs,CA,
New River,OR,Coos Bay District RMP 1995
Hole-In-The-Rock,OR,Medford District RMP 1995
Red Knoll,OR,Lakeview Resource Area RMP 2003
Rahilly-Gravelly,OR,Lakeview Resource Area RMP 2003
Round Top Butte,OR,Medford District RMP 1995
Nine Mile,UT,Price Field Office RMP
Grass Mountain,OR,Salem District RMP 1995
Earthquake Point,OR,Spokane District RMP 1992
Wilhoit Springs,OR,Unknown
Keystone Point,OR,Spokane District RMP 1992
VIRGIN RIVER ACEC,AZ,Arizona Strip RMP
Nestucca River,OR,Unknown
Hult Marsh,OR,Eugene District RMP 1995
Dorena Lake RFI,OR,Eugene District RMP 1995
North Fork Silver Creek,OR,Medford District RMP 1995
Pipe Fork,OR,Medford District RMP 1995
Valley of the Giants,OR,Salem District RMP 1995
North Myrtle Creek,OR,Roseburg District RMP 1995
Umpqua River Wildlife Area-Brads Creek,OR,Roseburg District RMP 1995
Clockum Creek,OR,Unknown
Umpqua River Wildlife Area-Woodruff Mountain,OR,Roseburg District RMP 1995
Logan Butte,OR,Unknown
Sentinel Slope,OR,Spokane District RMP 1992
Lost Forest,OR,Unknown
Spanish Gulch,OR,Unknown
Bushnell-Irwin Rocks,OR,Roseburg District RMP 1995
Deadmans Flat,CA,
Forest Creek - Rough Canyon,OR,Unknown
Brewer Spruce,OR,Medford District RMP 1995
Hunter Creek Bog,OR,Unknown
Rock Island Canyon,OR,Spokane District RMP 1992
Poverty Flat,OR,Medford District RMP 1995
Cottage Grove Lake RFI,OR,Eugene District RMP 1995
BULLHEAD BAJADA NATURAL & CULTURAL ACEC,AZ,Lake Havasu RMP
Horse Rock Ridge,OR,Eugene District RMP 1995
Rickreall Ridge,OR,Salem District RMP 1995
Legend-Williams Combleaf Habitat,NV,Carson Consolidated RMP
Red Pond,OR,Roseburg District RMP 1995
The Island,OR,Unknown
Carson Wandering Skipper,NV,Carson Consolidated RMP
Little Grass Mountain,OR,Salem District RMP 1995
Wood River Wetland,OR,Klamath Falls Resource Area RMP 1995
Soldier Meadows,NV,Black Rock High Rock Emigrant Trail NCA RMP
Connley Hills,OR,Lakeview Resource Area RMP 2003
King Mountain Rock Garden,OR,Medford District RMP 1995
Black Forest,CA,
Carolyns Crown,OR,Unknown
High Peak - Moon Creek,OR,Unknown
Middle Santiam Terrrace,OR,Unknown
Spanish Lake,OR,Lakeview Resource Area RMP 2003
Elk Creek,OR,Unknown
Swasey Drive,CA,
Crabtree Lake,OR,Salem District RMP 1995
Table Rocks,OR,Medford District RMP 1995
Upper Klamath River,OR,Klamath Falls Resource Area RMP 1995
Salinas River,CA,
Point Sal,CA,
North Fork Chetco,OR,Coos Bay District RMP 1995
Lost Lake,OR,Medford District RMP 1995
Rough and Ready,OR,Medford District RMP 1995
Hoxie Creek,OR,Medford District RMP 1995
Old Baldy,OR,Klamath Falls Resource Area RMP 1995
North Fork Coquille River,OR,Coos Bay District RMP 1995
Umpqua River Wildlife Area-Golden Bar,OR,Roseburg District RMP 1995
Iaqua Buttes,CA,
Butte Creek,CA,
Gilham Buttes,CA,
Cedars,CA,
Deer Creek,CA,
Conway Summit,CA,
Tierra Redonda,CA,
Marble Mountain Fossil Bed,CA,
HUALAPAI MOUNTAIN ACEC,AZ,Kingman RMP
Indian Valley,CA,
Susan River,CA,
Dulbi-Kaiyuh Mountains Subunit ACEC,AK,Central Yukon Planning Area
Willow Creek,CA,
Knoxville,CA,
Joaquin Rocks,CA,
Red Mountain,CA,
Ione Tertiary Oxisol Soil,CA,
Jenny Creek,CA,
Spivey Pond,CA,
Ash Valley,CA,
Bagby Serpentine,CA,
Tozitna Subunit South ACEC,AK,Central Yukon Planning Area
Clear Creek Serpentine,CA,
Dutch Flat/Indian Hill RNA,CA,
LARRY CANYON ACEC,AZ,Phoenix RMP
Lower Smoke Creek,CA,
Pine Dunes,CA,
Massacre Rim,CA,
Yankee Jim,CA,
Dry Wash,UT,Price Field Office RMP
Elder Creek,CA,
WHITE CANYON ACEC,AZ,Phoenix RMP
Merced River,CA,
KANAB CREEK ACEC,AZ,Arizona Strip RMP
Stornetta,CA,
North Dry Valley,CA,
Emigrant Trails,CA,
Hawes Corner,CA,
Cosumnes River,CA,
North Fork Cosumnes River,CA,
Old Growth Juniper,CA,
Bitner,CA,
Lokern,CA,
Galena Mountain ACEC,AK,Central Yukon Planning Area
South Todatonten Summit RNA,AK,Central Yukon Planning Area
Lake Todatonten Pingos RNA,AK,Central Yukon Planning Area
Kuskokwim River ACEC,AK,Southwest MFP
Galbraith Lake ACEC,AK,Utility Corridor
SHINARUMP ACEC,AZ,Arizona Strip RMP
Rahilly-Gravelly,CA,
Ione Manzanita,CA,
Mill Creek,CA,
VEKOL VALLEY GRASSLAND ACEC,AZ,Lower Gila South RMP
SANTA CLARA LAND HILL,UT,UNK
Forks of Butte Creek,CA,
Toolik Lake RNA,AK,Utility Corridor
Spooky Valley RNA,AK,Central Yukon Planning Area
Pine Hill,CA,Sierra
Cypress Mountain,CA,
Big Windy Hot Spring RNA,AK,Steese NCA RMP
Soggy Dry Lake Creosote Rings,CA,
Sacramento River/Bend Area,CA,
Manila Dunes,CA,
Mount Prindle (SNCA) RNA,AK,Steese NCA RMP
Nigu-Iteriak ACEC,AK,Utility Corridor
Clear Creek/Sacramento River Island,CA,
Cache Creek Corridor,CA,
Lacks Creek,CA,
Nine Mile,UT,Price Field Office RMP
Northern California Chapparral,CA,
Chico Martinez,CA,
Mount Osborn ACEC,AK,Kobuk-Seward Peninisula RMP
Lake Cahuilla - B,CA,
Slinkard Valley,CA,
Kettleman Hills,CA,
Mojave Fringe-toed Lizard,CA,
Shasta and Klamath Rivers Canyon,CA,
Timbered Crater WSA,CA,
Mount Dome,CA,
AUBREY PEAK BIGHORN SHEEP HABITAT ACEC,AZ,Kingman RMP
Mountain Peaks,CA,
Eagle Lake Basin,CA,
Lake Abert,OR,High Desert MFP Amendment 1996
Mount Prindle (WMNRA) RNA,AK,White Mountains NRA RMP
VIRGIN RIVER ACEC,AZ,Arizona Strip RMP
VIRGIN SLOPE ACEC,AZ,Arizona Strip RMP
VIRGIN RIVER ACEC,AZ,Arizona Strip RMP
Lost Forest-Sand Dunes-Fossil Lake,OR,High Desert MFP 1982
HUALAPAI MOUNTAIN ACEC,AZ,Kingman RMP
Peck's Milkvetch,OR,Upper Deschutes Resource Area RMP 2005
CANAAN MOUNTAIN,UT,UNK
VIRGIN RIVER ACEC,AZ,Arizona Strip RMP
South Fork Eel River,CA,
Neacola Mountains ACEC,AK,Ring of Fire RMP
HUALAPAI MOUNTAIN ACEC,AZ,Kingman RMP
Gandy Mountain Caves,UT,UNK
Buffalo Creek Canyons,CA,
Cedar Roughs,CA,
Southwest Peregrine Falcon Habitat ACEC,AK,Southwest MFP
Carter Spit ACEC,AK,Bay RMP
Bering Glacier RNA,AK,East Alaska RMP
Western Arctic Caribou Insect Relief ACEC,AK,Kobuk-Seward Peninisula RMP
Anvik River ACEC,AK,Southwest MFP
Kateel River ACEC,AK,Central Yukon Planning Area
Blue Mass Scenic Area,NV,Ely RMP
Indian River ACEC,AK,Central Yukon Planning Area
Snowden Mountain ACEC,AK,Utility Corridor
West Fork Atigun River ACEC,AK,Utility Corridor
BIG MARIAS ACEC,AZ,Yuma RMP
Unalakleet River ACEC,AK,Central Yukon Planning Area
Serpentine Slide RNA,AK,White Mountains NRA RMP
Arms Lake RNA,AK,Central Yukon Planning Area
Devils Throat,NV,Las Vegas RMP
VIRGIN RIVER ACEC,AZ,Arizona Strip RMP
Ungalik River (KSP) ACEC,AK,Kobuk-Seward Peninisula RMP
Nugget Creek ACEC,AK,Utility Corridor
Sukakpak Mountain ACEC,AK,Utility Corridor
Shaktoolik River (CY) ACEC,AK,Central Yukon Planning Area
Shaktoolik River (KSP) ACEC,AK,Kobuk-Seward Peninisula RMP
San Rafael Reef,UT,Price Field Office RMP
Poss Mountain ACEC,AK,Utility Corridor
McQuesten Creek RNA,AK,Central Yukon Planning Area
Ungalik River (CY) ACEC,AK,Central Yukon Planning Area
Behind the Rocks,UT,Moab Field Office RMP
North Salt Wash,UT,Price Field Office RMP
Inglutalik River (CY) ACEC,AK,Central Yukon Planning Area
Sulukna River ACEC,AK,Central Yukon Planning Area
Redlands Lake RNA,AK,Central Yukon Planning Area
Sagwon Bluffs ACEC,AK,Utility Corridor
Timber Mountain Caldera,NV,Nellis Test and Training Range RMP
LONE BUTTE ACEC,AZ,Arizona Strip RMP
Gisasa River ACEC,AK,Central Yukon Planning Area
Box River Treeline RNA,AK,Central Yukon Planning Area
Ishtalitna Creek Hot Springs RNA,AK,Central Yukon Planning Area
Little Susan,UT,Price Field Office RMP
Tozitna River ACEC,AK,Central Yukon Planning Area
VIRGIN RIVER ACEC,AZ,Arizona Strip RMP
Inglutalik River (KSP) ACEC,AK,Kobuk-Seward Peninisula RMP
Nulato Hills (CY) ACEC,AK,Central Yukon Planning Area
VIRGIN RIVER ACEC,AZ,Arizona Strip RMP
VIRGIN SLOPE ACEC,AZ,Arizona Strip RMP
Fairview RNA,CO,Uncompahgre
Nulato Hills (KSP) ACEC,AK,Kobuk-Seward Peninisula RMP
Kanuti Hot Springs ACEC,AK,Utility Corridor
Hogatza River Tributaries ACEC,AK,Central Yukon Planning Area
Beaver Dam Slope,NV,Caliente MFP
North River ACEC,AK,Central Yukon Planning Area
Tozitna Subunit North ACEC,AK,Central Yukon Planning Area
Jim River ACEC,AK,Utility Corridor
CANAAN MOUNTAIN,UT,UNK
VIRGIN RIVER ACEC,AZ,Arizona Strip RMP
Highway 279 Corridor/Shafer Basin/Long Canyon,UT,Moab Field Office RMP
Limestone Jags RNA,AK,White Mountains NRA RMP
MARBLE CANYON ACEC,AZ,Arizona Strip RMP
MARBLE CANYON ACEC,AZ,Arizona Strip RMP
WHITE CANYON ACEC,AZ,Phoenix RMP
MARBLE CANYON ACEC,AZ,Arizona Strip RMP
KANAB CREEK ACEC,AZ,Arizona Strip RMP
MARBLE CANYON ACEC,AZ,Arizona Strip RMP
MARBLE CANYON ACEC,AZ,Arizona Strip RMP
MARBLE CANYON ACEC,AZ,Arizona Strip RMP
KANAB CREEK ACEC,AZ,Arizona Strip RMP
SHINARUMP ACEC,AZ,Arizona Strip RMP
KANAB CREEK ACEC,AZ,Arizona Strip RMP
PERRY MESA ACEC,AZ,Phoenix RMP
COFFEEPOT BOTANICAL ACEC,AZ,Lower Gila South RMP
SHINARUMP ACEC,AZ,Arizona Strip RMP
WATERMAN MOUNTAINS ACEC,AZ,Phoenix RMP
JOHNSON SPRING ACEC,AZ,Arizona Strip RMP
BABOQUIVARI PEAK ACEC,AZ,Phoenix RMP
KANAB CREEK ACEC,AZ,Arizona Strip RMP
MARBLE CANYON ACEC,AZ,Arizona Strip RMP
TULE CREEK,AZ,Agua Fria & Bradshaw-Harquahala RMP
MARBLE CANYON ACEC,AZ,Arizona Strip RMP
JOHNSON SPRING ACEC,AZ,Arizona Strip RMP
SHINARUMP ACEC,AZ,Arizona Strip RMP
KANAB CREEK ACEC,AZ,Arizona Strip RMP
Cottonwood Canyon,UT,Kanab Field Office ROD and Approved RMP
Fremont-Kramer DWMA,CA,
Superior-Cronese DWMA,CA,
RED MOUNTAIN,UT,UNK
MARBLE CANYON ACEC,AZ,Arizona Strip RMP
Chemehuevi DWMA,CA,
Kuchamaa,CA,South Coast
OUT,UT,UNK
CANAAN MOUNTAIN,UT,UNK
OUT,UT,UNK
HARQUAHALA ACEC,AZ,Agua Fria & Bradshaw-Harquahala RMP
Paiute-ElDorado Valley,NV,Las Vegas RMP
OUT,UT,UNK
OUT,UT,UNK
VIRGIN SLOPE ACEC,AZ,Arizona Strip RMP
DRIPPING SPRINGS ACEC CORE,AZ,Yuma RMP
VIRGIN RIVER ACEC,AZ,Arizona Strip RMP
FORT PIERCE ACEC,AZ,Arizona Strip RMP
Turtle Mountains,CA,
Bigelow Cholla,CA,
Piute-Fenner DWMA,CA,
OUT,UT,UNK
RED BLUFF,UT,UNK
OUT,UT,UNK
Jawbone/Butterbredt,CA,
Shadow Valley DWMA,CA,
Plank Road,CA,
Western Rand Mountains,CA,
Million Dollar Spring,CA,South Coast
Steam Well,CA,
MARBLE CANYON ACEC,AZ,Arizona Strip RMP
Cottonwood Canyon,UT,Kanab Field Office ROD and Approved RMP
Coyote Springs,NV,Las Vegas RMP
Gold Butte Part A,NV,Las Vegas RMP
Gold Butte Townsite,NV,Las Vegas RMP
SEARS POINT ACEC,AZ,Yuma RMP
VIRGIN RIVER ACEC,AZ,Arizona Strip RMP
Virgin Mountains,NV,Las Vegas RMP
Big Dune,NV,Las Vegas RMP
Amargosa Mesquite,NV,Las Vegas RMP
Schlesser Pincushion,NV,Ely RMP
Highland Range,NV,Ely RMP
WRIGHT-COTTONWOOD CREEK RIPARIAN & CULTURAL ACEC,AZ,Kingman RMP
Rainbow Gardens,NV,Las Vegas RMP
River Mountains,NV,Las Vegas RMP
Kane Springs,NV,Caliente MFP
LONE BUTTE ACEC,AZ,Arizona Strip RMP
LITTLE BLACK MTN ACEC,AZ,Arizona Strip RMP
VIRGIN RIVER ACEC,AZ,Arizona Strip RMP
VIRGIN RIVER ACEC,AZ,Arizona Strip RMP
BLACK KNOLLS ACEC,AZ,Arizona Strip RMP
VIRGIN RIVER ACEC,AZ,Arizona Strip RMP
CLAY HILLS RNA ACEC,AZ,Kingman RMP
VIRGIN RIVER ACEC,AZ,Arizona Strip RMP
Mormon Mesa,NV,Caliente MFP
MCCRACKEN DESERT TORTOISE HABITATACEC,AZ,Kingman RMP
OUT,UT,UNK
CANAAN MOUNTAIN,UT,UNK
BEALE SLOUGH RIPARIAN & CULTURAL ACEC,AZ,Lake Havasu RMP
CROSSMAN PEAK SCENIC ACEC,AZ,Lake Havasu RMP
POACHIE DESERT TORTOISE HABITAT ACEC,AZ,Kingman RMP
VIRGIN RIVER ACEC,AZ,Arizona Strip RMP
WHITE MARGINED PENSTEMON ACEC,AZ,Kingman RMP
VIRGIN SLOPE ACEC,AZ,Mojave Desert EA
Rose Spring,CA,
SWANSEA HISTORIC DISTRICT ACEC,AZ,Lake Havasu RMP
VIRGIN SLOPE ACEC,AZ,Mojave Desert EA
BURRO CREEK RIPARIAN & CULTURAL ACEC,AZ,Kingman RMP
JOSHUA TREE FOREST/GRAND WASH CLIFFS ACEC,AZ,Kingman RMP
CARROW-STEPHENS RANCHES ACEC,AZ,Kingman RMP
VIRGIN RIVER ACEC,AZ,Arizona Strip RMP
OUT,UT,UNK
Gandy Salt Marsh,UT,UNK
BLACK MOUNTAINS ACEC,AZ,Kingman RMP
BLACK MOUNTAINS ACEC,AZ,Kingman RMP
HUALAPAI MOUNTAIN ACEC,AZ,Kingman RMP
I-70 Scenic,UT,Price Field Office RMP
DRIPPING SPRINGS ACEC,AZ,Yuma RMP
VIRGIN RIVER ACEC,AZ,Arizona Strip RMP
FORT PIERCE ACEC,AZ,Arizona Strip RMP
LITTLE BLACK MTN ACEC,AZ,Arizona Strip RMP
FORT PIERCE ACEC,AZ,Arizona Strip RMP
West Mesa,CA,
VIRGIN RIVER ACEC,AZ,Arizona Strip RMP
VIRGIN RIVER ACEC,AZ,Arizona Strip RMP
VIRGIN SLOPE ACEC,AZ,Arizona Strip RMP
VIRGIN RIVER ACEC,AZ,Arizona Strip RMP
VIRGIN SLOPE ACEC,AZ,Arizona Strip RMP
VIRGIN RIVER ACEC,AZ,Arizona Strip RMP
VIRGIN RIVER ACEC,AZ,Arizona Strip RMP
VIRGIN RIVER ACEC,AZ,Arizona Strip RMP
VIRGIN RIVER ACEC,AZ,Arizona Strip RMP
MOONSHINE RIDGE ACEC,AZ,Arizona Strip RMP
VIRGIN RIVER ACEC,AZ,Arizona Strip RMP
BLACK BUTTE,AZ,Agua Fria & Bradshaw-Harquahala RMP
OUT,UT,UNK
VIRGIN SLOPE ACEC,AZ,Arizona Strip RMP
VULTURE MOUNTAINS,AZ,Agua Fria & Bradshaw-Harquahala RMP
WARNER RIDGE FORT PEARCE,UT,UNK
BLACK KNOLLS ACEC,AZ,Arizona Strip RMP
Santa Margarita Ecological Reserve,CA,South Coast
Mountain Pass Dinosaur Trackway,CA,
Swamp Cedar,NV,Ely RMP
THREE RIVERS RIPARIAN ACEC,AZ,Kingman RMP
OUT,UT,UNK
THREE RIVERS RIPARIAN ACEC,AZ,Lake Havasu RMP
THREE RIVERS RIPARIAN ACEC,AZ,Lake Havasu RMP
THREE RIVERS RIPARIAN ACEC,AZ,Lake Havasu RMP
FORT PIERCE ACEC,AZ,Arizona Strip RMP
Lake Cahuilla - A,CA,
BEAVER DAM SLOPE,UT,UNK
Shoshone Ponds,NV,Ely RMP
VIRGIN RIVER ACEC,AZ,Arizona Strip RMP
White Mountain City,CA,
Manix,CA,
San Rafael Reef,UT,Price Field Office RMP
I-70 Scenic,UT,Price Field Office RMP
VIRGIN RIVER ACEC,AZ,Arizona Strip RMP
VIRGIN RIVER ACEC,AZ,Arizona Strip RMP
SANTA CLARA GUNLOCK,UT,UNK
OUT,UT,UNK
MOONSHINE RIDGE ACEC,AZ,Arizona Strip RMP
OUT,UT,UNK
Mopah Spring,CA,
Blue Ridge,CA,
WARNER RIDGE FORT PEARCE,UT,UNK
RED MOUNTAIN,UT,UNK
OUT,UT,UNK
RED MOUNTAIN,UT,UNK
Dead Mountains,CA,
CANAAN MOUNTAIN,UT,UNK
OUT,UT,UNK
LOWER VIRGIN RIVER,UT,UNK
,UT,UNK
Surprise Canyon,CA,
Mule Mountains,CA,
Desert Lily Preserve,CA,
Short Canyon,CA,
Parish's Phacelia,CA,
Fossil Falls,CA,
Saline Valley,CA,
Case Mountain,CA,
Corn Springs,CA,
Dos Palmas,CA,
Christmas Canyon,CA,WEMO
Potrero,CA,South Coast
West Paradise,CA,
Kelso Creek Monkeyflower,CA,
Pilot Knob,CA,
Bendire's Thrasher,CA,
Ivanpah DWMA,CA,
Trona Pinnacles,CA,
Cronese Basin,CA,WEMO
Kingston Range,CA,
Clark Mountain,CA,
Mesquite Lake,CA,
San Sebastian Marsh/San Felipe Creek,CA,
Coolgardie Mesa,CA,
Bedrock Spring,CA,WEMO
Keynot Peak,CA,
Sand Canyon,CA,
Mojave Fishhook Cactus,CA,
Amboy Crater,CA,
Pinto Mountains DWMA,CA,
Whipple Mountains,CA,
Big Morongo Canyon,CA,
Rainbow Basin/Owl Canyon,CA,
Whitewater Canyon,CA,
Denning Springs,CA,
Yuha Basin,CA,
Carbonate Endemic Plants RNA,CA,WEMO
Santa Ana River Wash,CA,South Coast
Last Chance Canyon,CA,
Cedar Canyon,CA,South Coast
Ord-Rodman DWMA,CA,
Cerro Gordo,CA,
Horse Canyon,CA,
Middle Knob,CA,
Pisgah,CA,
Patton's Iron Mountain Divisional Camp,CA,
Upper Johnson Valley Yucca Rings,CA,
Lake Cahuilla - D,CA,
Halloran Wash,CA,
Warm Sulfur Springs,CA,
North Algodones Dunes,CA,
Crater Mountain,CA,
Chuckwalla Valley Dune Thicket,CA,
Chuckwalla DWMA,CA,
Fish Slough,CA,
Juniper Flats,CA,
Red Mountain Spring,CA,
East Mesa,CA,
Great Falls Basin,CA,
Harper Dry Lake,CA,
Johnson Canyon,CA,South Coast
Desert Tortoise Natural Area,CA,
Salt Creek Hills,CA,
Rodman Mountains Cultural Area,CA,
Baking Powder Flat,NV,Ely RMP
Mojave Monkeyflower,CA,
Lake Cahuilla - C,CA,
Salt Lake,NV,Wells
Alligator Rock,CA,
Palen Dry Lake,CA,
Ryan Gulch ACEC,CO,White River
Badger Wash ACEC,CO,Grand Junction
Amargosa River,CA,
Piute Cypress,CA,
Barstow Woolly Sunflower,CA,WEMO
In-Ko-Pah Mountains,CA,East San Diego
Indian Pass,CA,
Calico Early Man Site,CA,WEMO
Table Mountain,CA,East San Diego
Afton Canyon,CA,WEMO
Lower Meadow Valley Wash,NV,Ely RMP
BEAVER DAM SLOPE ACEC,AZ,Arizona Strip RMP
BEAVER DAM SLOPE ACEC,AZ,Arizona Strip RMP
BEAVER DAM SLOPE,UT,UNK
LITTLE CREEK MOUNTAIN,UT,UNK
Condor Canyon,NV,Ely RMP
Black Mountain,CA,WEMO
Arden Historic Sites,NV,Las Vegas RMP
The Tules RNA,ID,Owyhee RMP
Ash Meadows,NV,Las Vegas RMP
LOST SPRING MTN ACEC,AZ,Arizona Strip RMP
Gunnison Gravels RNA,CO,Grand Junction
Nine Mile,UT,Price Field Office RMP
Nine Mile,UT,Price Field Office RMP
Kings Crown,UT,Price Field Office RMP
Muddy Creek,UT,Price Field Office RMP
San Rafael Reef,UT,Price Field Office RMP
Muddy Creek,UT,Price Field Office RMP
Lower Green River Corridor,UT,Vernal Field Office RMP
I-70 Scenic,UT,Price Field Office RMP
Little Susan,UT,Price Field Office RMP
Nine Mile,UT,Price Field Office RMP
Nine Mile,UT,Price Field Office RMP
LOST SPRING MTN ACEC,AZ,Arizona Strip RMP
Mesquite Hills/Crucero,CA,
Nine Mile,UT,Price Field Office RMP
Nine Mile,UT,Price Field Office RMP
Gunnison Sage-Grouse IBA,CO,Unknown
White River ACEC,CO,White River
Nine Mile,UT,Vernal Field Office RMP
Owyhee River/Bighorn Sheep,ID,Owyhee RMP
Coachella Valley Fringe-toed Lizard,CA,
San Rafael Reef,UT,Price Field Office RMP
North Caineville Mesa,UT,Richfield Field Office ROD and Approved RMP
Red Mountain-Dry Fork,UT,Vernal Field Office RMP
Nine Mile,UT,Price Field Office RMP
Fossil Mountain,UT,UNK
Wah Wah Mountains,UT,UNK
Rose Guano Bat Cave,NV,Ely RMP
Nine Mile,UT,Price Field Office RMP
White River Valley,NV,Ely RMP
Wilsonville,UT,Price Field Office RMP
Escalante Canyon ACEC,CO,Uncompahgre
Cleveland Lloyd Dino Quarry,UT,Price Field Office RMP
Rabbit Valley Paleo ACEC,CO,Grand Junction
Fruita Paleo Site RNA,CO,Grand Junction
The Palisade ONA,CO,Grand Junction
East Fork American River,ID,Cottonwood RMP
Unaweep Seep RNA,CO,Grand Junction
Nine Mile,UT,Price Field Office RMP
Cross Mountain Canyon ACEC,CO,Little Snake
Lower Colorado River ACEC,CO,Glenwood Springs
Lucile Caves RNA,ID,Cottonwood RMP
Adobe Badlands ACEC,CO,Uncompahgre
Needle Rock ONA,CO,Uncompahgre
Coal Draw ACEC,CO,White River
Upper Greasewood Creek ACEC,CO,Whiter River
Upper Salmon River,ID,Cottonwood RMP
Deer Gulch ACEC,CO,White River
Yanks Gulch ACEC,CO,White River
Lower Greaswood Creek ACEC,CO,White River
Dudley Bluffs ACEC,CO,White River
Muddy Creek-Tomsich Butte,UT,Price Field Office RMP
Nine Mile,UT,Price Field Office RMP
Oil Spring Mountain ACEC,CO,White River
Trapper Creek ACEC,CO,Unknown
Raven Ridge ACEC,CO,White River
Hidden Splendor,UT,Price Field Office RMP
Trapper Creek/Northwater Creek ACEC,CO,Unknown
Native Plant Community ONA,CO,Unknown
Nine Mile,UT,Price Field Office RMP
Grassy Trail,UT,Price Field Office RMP
Coal Oil Rim ACEC,CO,White River
San Miguel ACEC,CO,Uncompahgre
Nine Mile,UT,Price Field Office RMP
Rough Canyon RNA ACEC,CO,Grand Junction
Duck Creek ACEC,CO,White River
Tabernacle Hill Lava Field,UT,UNK
Horseshoe Springs,UT,Pony Express Resource RMP
South Cathedral Bluffs ACEC,CO,White River
Nine Mile,UT,Price Field Office RMP
Pavant Butte,UT,UNK
Nine Mile,UT,Price Field Office RMP
Nine Mile,UT,Price Field Office RMP
Nine Mile,UT,Price Field Office RMP
Tum Tum Lake,OR,Steens Mountain CMPA/Andrews Mgt. Unit RMP 2005
Moosehead Mountain ACEC,CO,White River
Rockwell Natural Area,UT,UNK
Nine Mile,UT,Price Field Office RMP
Highway 279 Corridor/Shafer Basin/Long Canyon,UT,Moab Field Office RMP
Indian Creek,XX,Monticello Field Office RMP
Rock Art,UT,Price Field Office RMP
Rock Art,UT,Price Field Office RMP
Lears Canyon,UT,Vernal Field Office RMP
Nine Mile,UT,Price Field Office RMP
Nine Mile,UT,Price Field Office RMP
I-70 Scenic,UT,Price Field Office RMP
Old Woman Plateau,UT,Richfield Field Office ROD and Approved RMP
Nine Mile,UT,Price Field Office RMP
Tidwell Draw,UT,Price Field Office RMP
Dry Lake,UT,Price Field Office RMP
Smith Cabin,UT,Price Field Office RMP
Highway 279 Corridor/Shafer Basin/Long Canyon,UT,Moab Field Office RMP
Shepards End,UT,Price Field Office RMP
Wild Horse Canyon,UT,Price Field Office RMP
Hunt Cabin,UT,Price Field Office RMP
Copper Globe,UT,Price Field Office RMP
Muddy Creek,UT,Price Field Office RMP
Highway 279 Corridor/Shafer Basin/Long Canyon,UT,Moab Field Office RMP
Muddy Creek,UT,Price Field Office RMP
Dry Wash,UT,Price Field Office RMP
Sand Cove,UT,Price Field Office RMP
Coal Creek,OR,Spokane District RMP 1992
Temple Mountain,UT,Price Field Office RMP
I-70 Scenic,UT,Price Field Office RMP
Hidden Splendor,UT,Price Field Office RMP
Shay Canyon,XX,UNK
San Rafael Reef,UT,Price Field Office RMP
Dry Lake,UT,Price Field Office RMP
Browns Canyon ACEC,CO,Royal Gorge
Droney Gulch ACEC,CO,Royal Gorge
Bowknot Bend,UT,Price Field Office RMP
Rock Art,UT,Price Field Office RMP
Lake Ridge,OR,Southeastern Oregon RMP 2003
Upper Lolo Creek,ID,Cottonwood RMP
Cottonwood Creek,ID,Bruneau MFP
Windy Bay RNA,ID,Coeur d'Alene RMP
Long-Billed Curlew Habitat,ID,Cascade RMP
Fir Groves,OR,Steens Mountain CMPA/Andrews Mgt. Unit RMP 2005
Wild Horse Canyon,UT,Price Field Office RMP
Cottonwood Canyon,UT,Price Field Office RMP
Muddy Creek,UT,Price Field Office RMP
Skookumchuck RNA,ID,Cottonwood RMP
"Oregon Trail, Birch Creek",OR,Southeastern Oregon RMP 2003
Behind the Rocks,UT,Moab Field Office RMP
Muddy Creek-Tomsich Butte,UT,Price Field Office RMP
Dry Wash,UT,Price Field Office RMP
Ten Mile Wash,UT,Moab Field Office RMP
Mill Creek Canyon,UT,Moab Field Office RMP
Highway 279 Corridor/Shafer Basin/Long Canyon,UT,Moab Field Office RMP
Dry Wash,UT,Price Field Office RMP
Muddy Creek,UT,Price Field Office RMP
Little Susan,UT,Price Field Office RMP
Molen Seep,UT,Price Field Office RMP
Cottonwood Islands RNA,ID,Cottonwood RMP
Big Hole,UT,Price Field Office RMP
Lucky Strike,UT,Price Field Office RMP
Big Flat Tops,UT,Price Field Office RMP
Dry Wash,UT,Price Field Office RMP
Segers Hole,UT,Price Field Office RMP
Big Flat Tops,UT,Price Field Office RMP
Muddy Creek,UT,Price Field Office RMP
San Rafael Reef,UT,Price Field Office RMP
I-70 Scenic,UT,Price Field Office RMP
Swaseys Cabin,UT,Price Field Office RMP
Hidden Splendor,UT,Price Field Office RMP
I-70 Scenic,UT,Price Field Office RMP
Goodrich Creek RNA,ID,Cascade RMP
Dry Lake,UT,Price Field Office RMP
San Rafael Canyon,UT,Price Field Office RMP
San Rafael Reef,UT,Price Field Office RMP
Howrey Island,MT,POWDER RIVER
Short Creek,UT,Price Field Office RMP
Lavender Mesa,XX,Monticello Field Office RMP
Behind the Rocks,UT,Moab Field Office RMP
Mountain Plover,MT,JUDITH VALLEY PHILLIPS
Bitter Creek,MT,JUDITH VALLEY PHILLIPS
Piping Plover,MT,BIG DRY
Thompson Creek ACEC,CO,Glenwood Springs
Mill Creek Canyon,UT,Moab Field Office RMP
E. Douglas Creek/Soldier Creek ACEC,CO,White River
Cottonwood-Diamond Watershed,UT,Moab Field Office RMP
San Rafael Canyon,UT,Price Field Office RMP
Nine Mile,UT,Price Field Office RMP
San Rafael Reef,UT,Price Field Office RMP
Pariette,UT,Vernal Field Office RMP
Smoky Butte,MT,BIG DRY
Ammonite Site ACEC,CO,Kremmling
Jackson Canyon ACEC,WY,Casper Resource Management Plan
Bull Gulch ACEC,CO,Unknown
Deep Creek ACEC,CO,Glenwood Springs
Black-footed Ferret,MT,BIG DRY
Fort Meade Recreation Area,MT,SOUTH DAKOTA
Mosquito Pass ACEC,CO,Royal Gorge
Finger Buttes,MT,POWDER RIVER
Cave Creek ACEC,WY,Rawlins Field Office RMP
Alcova Fossil ACEC,WY,Casper Resource Management Plan
Beaver Creek ACEC,CO,Royal Gorge
North Park Research National Area ACEC,CO,Kremmling
Garden Park ACEC,CO,Royal Gorge
South Beaver Creek ACEC,CO,Gunnison
Arkansas Canyonlands ACEC,CO,Royal Gorge
Grape Creek ACEC,CO,Royal Gorge
Phantom Canyon ACEC,CO,Royal Gorge
Trickle Mountain ACEC,CO,San Luis
GWS DFHZ ACEC,CO,Unknown
Blue Hill ACEC,CO,Glenwood Springs
West Antelope Creek ACEC,CO,Gunnison
Mcbride Creek,ID,Owyhee RMP
Blowout Penstemon ACEC,WY,Rawlins Field Office RMP
Kiger Mustang,OR,Three Rivers Resource Area RMP 1992
Pulaski Tunnel,ID,Coeur d'Alene RMP
Bruneau/Jarbidge River,ID,Jarbidge RMP
Woods Gulch,ID,Cascade RMP Amendment
Little Wildhorse Lake,OR,Unknown
East Fork Trout Creek,OR,Steens Mountain CMPA/Andrews Mgt. Unit RMP 2005
Leslie Gulch,OR,Southeastern Oregon RMP 2003
Owyhee Views,OR,Southeastern Oregon RMP 2003
Kiger Mustang,OR,Southeastern Oregon RMP 2003
King Hill Creek,ID,Shoshone Land Tenure Amendment
Lost Basin Grassland RNA,ID,Cascade RMP
Triplet Butte,ID,Bruneau MFP
Hulls Gulch,ID,Cascade RMP Amendment
Sand-Capped Knob,ID,Cascade RMP Amendment
North Fork Juniper Woodland,ID,Owyhee RMP
Sommercamp Butte,ID,Owyhee RMP
Wapshilla Ridge RNA,ID,Cottonwood RMP
Pleasant Valley Table,ID,Owyhee RMP
Coal Mine Basin,ID,Owyhee RMP
Hideaway Islands RNA,ID,Coeur d'Alene RMP
Cinnabar Mountain,ID,Owyhee RMP
Rebecca Sand Hill RNA,ID,Cascade RMP
Willow Creek,ID,Cascade RMP Amendment
Squaw Creek,ID,Owyhee RMP
Boise Front,ID,Cascade RMP
Buckwheat Flats RNA,ID,Cascade RMP
Long Gulch RNA,ID,Cottonwood RMP
Carwright Canyon,ID,Cascade RMP Amendment
Lund Creek RNA,ID,Coeur d'Alene RMP
Sand Hollow,ID,Cascade RMP Amendment
Summer Creek RNA,ID,Cascade RMP
Lower Lolo Creek,ID,Cottonwood RMP
Coal Mine Basin,OR,Southeastern Oregon RMP 2003
Captain John Creek RNA,ID,Cottonwood RMP
Hixon Coulmbia Sharp-Tailed Grouse Habitat,ID,Cascade RMP
Farnham Forest RNA,ID,Coeur d'Alene RMP
American River Historic Sites District,ID,Cottonwood RMP
Jump Creek Canyon,ID,Owyhee RMP
The Badlands,ID,Owyhee RMP
Boulder Creek,ID,Owyhee RMP
Mud Flat Oolite,ID,Bruneau MFP
Biscuitroot,OR,Three Rivers Resource Area RMP 1992
Pueblo Foothills,OR,Steens Mountain CMPA/Andrews Mgt. Unit RMP 2005
Mickey Hot Springs,OR,Steens Mountain CMPA/Andrews Mgt. Unit RMP 2005
Joseph Creek,OR,Baker RMP 1989
Little Whitehorse Creek,OR,Southeastern Oregon RMP 2003
Rooster Comb,OR,Steens Mountain CMPA/Andrews Mgt. Unit RMP 2005
Mickey Basin,OR,Unknown
Castle Rock,OR,Southeastern Oregon RMP 2003
"Oregon Trail, Keeney Pass",OR,Southeastern Oregon RMP 2003
Powder River,OR,Baker RMP 1989
Little Vulcan Mountain,OR,Spokane District RMP 1992
Big Alvord Creek,OR,Steens Mountain CMPA/Andrews Mgt. Unit RMP 2005
Toppin Creek Butte,OR,Southeastern Oregon RMP 2003
Alvord Desert,OR,Steens Mountain CMPA/Andrews Mgt. Unit RMP 2005
Oregon Trail,OR,Baker RMP 1989
Hammond Hill Sand Hills,OR,Southeastern Oregon RMP 2003
East Kiger Plateu,OR,Unknown
Stockade Mountain,OR,Southeastern Oregon RMP 2003
Borax Lake,OR,Andrews MFP 1982
Palomino Playa,OR,Southeastern Oregon RMP 2003
Hawksie-Walksie,OR,Lakeview Resource Area RMP 2003
North Fork Malhuer River,OR,Southeastern Oregon RMP 2003
Little Blitzen,OR,Steens Mountain CMPA/Andrews Mgt. Unit RMP 2005
Spring Mountain,OR,Southeastern Oregon RMP 2003
Diamond Craters,OR,Three Rivers Resource Area RMP 1992
Mendi Gore Playa,OR,Southeastern Oregon RMP 2003
Keating Riparian,OR,Baker RMP 1989
Unity Reservoir Bald Eagle Nest Habitat,OR,Baker RMP 1989
Serrano Point,OR,Steens Mountain CMPA/Andrews Mgt. Unit RMP 2005
"Oregon Trail, Tub Mountain",OR,Southeastern Oregon RMP 2003
Mahogany Ridge,OR,Southeastern Oregon RMP 2003
Dry Creek Gorge,OR,Southeastern Oregon RMP 2003
South Alkali Sand Hills,OR,Southeastern Oregon RMP 2003
Juniper Forest,OR,Spokane District RMP 1992
Keating Riparian RNA,OR,Baker RMP 1989
South Fork Willow Creek,OR,Steens Mountain CMPA/Andrews Mgt. Unit RMP 2005
Hunt Mountain,OR,Baker RMP 1989
South Bull Canyon,OR,Southeastern Oregon RMP 2003
South Fork Walla Walla River,OR,Baker RMP 1989
Saddle Butte,OR,Southeastern Oregon RMP 2003
South Ridge Bully Creek,OR,Southeastern Oregon RMP 2003
Jordan Craters,OR,Southeastern Oregon RMP 2003
Grande Ronde,OR,Baker RMP 1989
North Ridge Bully Creek,OR,Southeastern Oregon RMP 2003
Honeycombs,OR,Southeastern Oregon RMP 2003
Osgood Mountains Milkvetch,NV,Paradise-Denio MFP
Sheep Mountain,OR,Baker RMP 1989
Lower Salmon River,ID,Cottonwood RMP
BlackCanyon,OR,Southeastern Oregon RMP 2003
Dry Creek Bench,OR,Southeastern Oregon RMP 2003
Homestead,OR,Baker RMP 1989
Owyhee Below Dam,OR,Southeastern Oregon RMP 2003
