Site Name,State or Territory,Branch and Status
Fort Bliss AAA Ranges,New Mexico,Army Active
MCLB Barstow Yermo Area,California,MC Active
MCLB Barstow,California,MC Active
MWTC Bridgeport,California,MC Active
MCB Hawaii Manana Capehart,Hawaii,MC Active
MCB Hawaii Pearl City Annex,Hawaii,MC Active
MCB Hawaii Puuloa-Oahu,Hawaii,MC Active
Waikele,Hawaii,Navy Active
MCB Camp Smith,Hawaii,MC Active
MC Trng Area Bellows,Hawaii,MC Active
MCB Hawaii Kaneohe,Hawaii,MC Active
MCAS Miramar,California,MC Active
MCB Camp Pendleton,California,MC Active
NOSC LA,California,Navy Reserve
MCRD San Diego,California,MC Active
MCAS Yuma,Arizona,MC Active
NB San Diego Pomerado Terrace,California,Navy Active
NB San Diego Home Terrace Condos,California,Navy Active
NAF El Centro,California,Navy Active
NAS Fallon Target B-16,Nevada,Navy Active
Defense Distribution Region West Tracy,California,Army Active
MCRD San Diego Former NTC,California,MC Active
Twentynine Palms Main Base,California,MC Active
Choc Mt Air Gnry Rng,California,MC Active
NB San Diego Broadway Complex,California,Navy Active
Barry Goldwater Range,Arizona,MC Active
MCAS Yuma Hsg-Off Base FY81,Arizona,MC Active
NWS Seal Beach Corona,California,Navy Active
NB Coronado Silver Strand,California,Navy Active
Umatilla Chem Depot,Oregon,Army Active
Yakima Training Center,Washington,Army Active
Fort Richardson,Alaska,Army Active
Fort Shafter,Hawaii,Army Active
Fort Wainwright,Alaska,Army Active
NAS Whidbey Island Sea Plane Base,Washington,Navy Active
Helemano Military Reservation,Hawaii,Army Active
NS Pearl Harbor,Hawaii,Navy Active
Jackson Park Hsg,Washington,Navy Active
Manchester,Washington,Navy Active
NS Everett,Washington,Navy Active
OLF Coupeville,Washington,Navy Active
NAS Whidbey Island,Washington,Navy Active
NAVBASE Kitsap Bremerton,Washington,Navy Active
NAVMAG Indian Island,Washington,Navy Active
NOSC Sacramento,California,Navy Reserve
Keyport NUWC,Washington,Navy Active
Bayview Idaho,Idaho,Navy Active
Jim Creek,Washington,Navy Active
"Fort Lawton, Magnolia",Washington,Navy Active
Naval Weapons Systems Training Facility Boardma,Oregon,Navy Active
Red Hill,Hawaii,Navy Active
Aiea,Hawaii,Navy Active
Ted Stevens IAP,Alaska,AF Guard
Manana Housing/Pw Area,Hawaii,Navy Active
Pearl City,Hawaii,Navy Active
Waianae,Hawaii,Navy Active
Wahiawa,Hawaii,Navy Active
Waipahu,Hawaii,Navy Active
Honolulu,Hawaii,Navy Active
Kunia,Hawaii,Navy Active
Makaha Ridge,Hawaii,Navy Active
Buckley AFB,Colorado,AF Active
Kamokala Ridge,Hawaii,Navy Active
PACMISRANFAC Hawaiian Area,Hawaii,Navy Active
McChord AFB,Washington,AF Active
Fort Carson,Colorado,Army Active
Fort Hunter Liggett,California,Army Reserve
Fort Huachuca,Arizona,Army Active
OLF Atlantic,North Carolina,MC Active
Point Of Marsh Target,North Carolina,MC Active
MCAS Cherry Point,North Carolina,MC Active
ALF Bogue,North Carolina,MC Active
Fort Ord,California,Army Active
Fort De Russy,Hawaii,Army Active
Fort Bliss,Texas,Army Active
Los Angeles AFB,California,AF Active
Fort Lewis,Washington,Army Active
Deseret Chemical Depot,Utah,Army Active
Pinon Canyon,Colorado,Army Active
Pueblo Chemical Depot,Colorado,Army Active
MCB Camp Lejeune,North Carolina,MC Active
MCB Camp Lejeune West Site,North Carolina,MC Active
Key Field,Mississippi,AF Guard
Aliamanu Military Reservation,Hawaii,Army Active
Tooele Army Depot,Utah,Army Active
Parks Reserve Forces Training Area,California,Army Reserve
Pohakuloa Training Area,Hawaii,Army Active
Schofield Bks Military Reservation,Hawaii,Army Active
Waianae-Kai Military Reservation,Hawaii,Army Active
USA Field Station Kunia,Hawaii,Army Active
NOSC Kansas City,Missouri,Navy Reserve
Wheeler Army Airfield,Hawaii,Army Active
Tripler AMC,Hawaii,Army Active
Riverbank AAP,California,Army Active
Kipapa Ammo Storage Site,Hawaii,Army Active
Black Rapids Training Area,Alaska,Army Active
Makua Mil Reserve,Hawaii,Army Active
Kahuku Training Area,Hawaii,Army Active
Defense Distribution Region West Sharpe Site,California,Army Active
Dugway Proving Ground,Utah,Army Active
Presidio Of Monterey,California,Army Active
NB San Diego Dryside,California,Navy Active
March ARB,California,AF Reserve
Santa Cruz Island,California,Navy Active
Yuma Proving Ground,Arizona,Army Active
Hawthorne Army Depot,Nevada,Army Active
Donnelly Training Area,Alaska,Army Active
Gerstle River Arctic Test Site,Alaska,Army Active
NB Point Loma Old Town,California,Navy Active
NTC and Fort Irwin,California,Army Active
Pupukea Paalaa Uka Mil Road,Hawaii,Army Active
Sierra Army Depot,California,Army Active
White Sands Missile Range,New Mexico,Army Active
Gila Bend Air Force Auxiliary Field,Arizona,AF Active
NAVSUPPDET Monterey Centerville Beach,California,Navy Active
Green River Test Complex,Utah,Army Active
MTA Fort Wm Henry Harrison,Montana,Army Guard
NG MTA Limestone Hills,Montana,Army Guard
MTC-H Camp Roberts,California,Army Guard
NOSC Knoxville,Tennessee,Navy Reserve
MTA-L Camp Williams,Utah,Army Guard
Tonopah Auxiliary Airfield Annex,Nevada,AF Active
Tonopah Auxiliary Airfield Annex #2,Nevada,AF Active
Minot AFB,North Dakota,AF Active
NOSC Minneapolis,Minnesota,Navy Reserve
Nellis Air Force Range,Nevada,AF Active
Dakota Ridge FH Annex,South Dakota,AF Active
Beale AFB,California,AF Active
Davis-Monthan AFB,Arizona,AF Active
Melrose Air Force Range,New Mexico,AF Active
Glenview,Illinois,Navy Active
Ellsworth AFB Site # 1,South Dakota,AF Active
Mountain Home AFB,Idaho,AF Active
Creech AFB,Nevada,AF Active
Holloman AFB,New Mexico,AF Active
USAF Academy,Colorado,AF Active
USAF Academy Auxiliary Airfield,Colorado,AF Active
Nellis AFB,Nevada,AF Active
Saylor Creek Air Force Range,Idaho,AF Active
Boles Wells System Annex,New Mexico,AF Active
Point Arena AFS,California,AF Active
Nellis System Annex,Nevada,AF Active
Lincoln Communication Annex,California,AF Active
Tonopah AFS Z164,Nevada,AF Active
Malmstrom AFB,Montana,AF Active
NSWC Carderock Div,Tennessee,Navy Active
The Barry M Goldwater Air Force Range,Arizona,AF Active
Luke AFB,Arizona,AF Active
Naval Medical Center San Diego,California,Navy Active
Travis AFB,California,AF Active
Little Mountain Test Annex,Utah,AF Active
NAS Lemoore,California,Navy Active
NWS Seal Beach Det Concord,California,Navy Active
NB Coronado Camp Morena,California,Navy Active
NB Coronado Lofgren Terrace,California,Navy Active
San Clemente,California,Navy Active
Fairchild AFB,Washington,AF Active
Boise Air Terminal (ANG),Idaho,AF Guard
Salt Lake City IAP,Utah,AF Guard
Tucson IAP,Arizona,AF Guard
Kirtland AFB,New Mexico,AF Active
Edwards AFB,California,AF Active
Cheyenne Regional Apt,Wyoming,AF Guard
Haarp Research Station,Alaska,AF Active
Hill AFB,Utah,AF Active
UTTR - North,Utah,AF Active
Utah Test and Training Range South UT,Utah,AF Active
Great Falls IAP,Montana,AF Guard
Klamath Falls Airport-Kingsley Field (ANG),Oregon,AF Guard
Four Lakes Communications Station (ANG),Washington,AF Guard
HQBN Henderson Hall Arlington,Virginia,Army Active
Clear AB,Alaska,AF Active
Vandenberg AFB,California,AF Active
Fort MacArthur FH Annex,California,AF Active
Schriever AFB,Colorado,AF Active
Onizuka AFB,California,AF Active
Pillar Point AFS,California,AF Active
NAS Fallon,Nevada,Navy Active
Laguna Peak CA,California,Navy Active
Peterson AFB,Colorado,AF Active
Cannon AFB,New Mexico,AF Active
George AFB,California,AF Active
F E Warren AFB,Wyoming,AF Active
Birch Lake Recreation Annex,Alaska,AF Active
Chena River Research Site,Alaska,AF Active
Eielson AFB,Alaska,AF Active
Blair Lake Air Force Rangeex,Alaska,AF Active
Elmendorf AFB,Alaska,AF Active
Kaena Point Satellite Tracking Station,Hawaii,AF Active
Hickam Petroleum Products Storage Annex,Hawaii,AF Active
Galena Airport,Alaska,AF Active
Hickam AFB,Hawaii,AF Active
Kokee AFS,Hawaii,AF Active
Cold Bay Long Range Radar Site,Alaska,AF Active
Fort Yukon Long Range Radar Site,Alaska,AF Active
Cairns Basefield,Alabama,Army Active
Indian Mountain Long Range Radar Site,Alaska,AF Active
King Salmon Airport,Alaska,AF Active
Oliktok Long Range Radar Site,Alaska,AF Active
Sparrevohn Long Range Radar Site,Alaska,AF Active
Tatalina Long Range Radar Site,Alaska,AF Active
Tanguisson Point,Guam,Navy Active
MCB Quantico,Virginia,MC Active
Cape Romanzof Long Range Radar Site,Alaska,AF Active
NB San Diego,California,Navy Active
Buckley Annex,Colorado,AF Reserve
NB Coronado,California,Navy Active
Holtville Carrier LS,California,Navy Active
NAS Fallon EW Range Fac,Nevada,Navy Active
"NAVBASE Guam Magazine Reservoir, Naval Magazine",Guam,Navy Active
NAVSUPPDET Monterey,California,Navy Active
NB San Diego Chollas Heights Hsg,California,Navy Active
NAVSUPPDET Monterey Navy School Annex,California,Navy Active
Hawthorne Nevada,Nevada,Navy Active
NWS Seal Beach Fallbrook California,California,Navy Active
NOSC Denver,Colorado,Navy Reserve
NAWS China Lake,California,Navy Active
San Pedro Fuel Depot,California,Navy Active
NB Point Loma Fleet ASW,California,Navy Active
NAVBASE Ventura City Point Mugu,California,Navy Active
San Nicolas Island,California,Navy Active
NB San Diego Howard Gilmore,California,Navy Active
NB San Diego Eucalyptus Housing,California,Navy Active
Shell Basefield,Alabama,Army Active
NWS Seal Beach,California,Navy Active
NAVPMOSSP Mtn View,California,Navy Active
NAVPHIBASE Seal Side,California,Navy Active
NB Point Loma Admiral Hartman Housing 3,California,Navy Active
NB Point Loma Admiral Hartman Housing 2,California,Navy Active
NB Point Loma Admiral Hartman Housing 1,California,Navy Active
Former NAVPHIBASE Coronado,California,Navy Active
NAVSUPPDET Monterey Det Magna Utah,Utah,Navy Active
NAS Fallon Target B-20,Nevada,Navy Active
NB San Diego Terrace View Villas,California,Navy Active
NB San Diego Bayview Hills Housing,California,Navy Active
NAVSUPPDET Monterey Dixon Transmitter Fac,California,Navy Active
NAVSUPPDET Monterey La Mesa Village,California,Navy Active
NB San Diego Murphy Canyon,California,Navy Active
NB Coronado Clev NF Survival Tra,California,Navy Active
NB San Diego National City,California,Navy Active
NB Point Loma Chesterton Hsg,California,Navy Active
NB San Diego Mission Gorge,California,Navy Active
Allen Stagefield,Alabama,Army Active
Port Hueneme,California,Navy Active
NOSC LA N62103,California,Navy Reserve
NOSC Alameda,California,Navy Reserve
NB Point Loma,California,Navy Active
NAS Fallon Target B-19,Nevada,Navy Active
NAS Fallon Target B-17,Nevada,Navy Active
NB Coronado Imperial Beach,California,Navy Active
White Sands NM,New Mexico,Navy Active
Highbluff Stagefield,Alabama,Army Active
Portland IAP,Oregon,AF Guard
Mather AFB,California,AF Active
McClellan AFB,California,AF Active
March AFB,California,AF Active
ITC Camp San Luis Obisbo,California,Army Guard
Camp Rapid,South Dakota,Army Guard
MTA Camp Rilea,Oregon,Army Guard
MTCH Camp Guernsey,Wyoming,Army Guard
MCB Camp Lejeune Oak Grove,North Carolina,MC Active
Naval Support Unit Saratoga Springs,New York,Navy Active
Naval Hospital,Guam,Navy Active
NSA Mechanicsburg Det Philadelphia PA,Pennsylvania,Navy Active
Toth Stagefield,Alabama,Army Active
NAVBASE Guam Naval Magazine,Guam,Navy Active
NAVBASE Guam Apra Heights,Guam,Navy Active
Tenjo Vista,Guam,Navy Active
Sasa Valley,Guam,Navy Active
Nimitz Hill,Guam,Navy Active
NAVSUBASE New London Trident Park,Connecticut,Navy Active
"NAVBASE Guam Finegayan, South",Guam,Navy Active
NAVBASE Guam Barrigada,Guam,Navy Active
Andersen Supply Annex,Guam,Navy Active
Andersen Petrol Product Storage Annex #2,Guam,Navy Active
Andersen Petrol Product Storage Annex #1,Guam,Navy Active
Andersen Communications Annex #2,Guam,Navy Active
Andersen AFB,Guam,Navy Active
Dandan,Guam,Navy Active
Yorktown Fuel Depot,Virginia,Navy Active
NSA Norfolk SDA Area,Virginia,Navy Active
Andersen Administration Annex,Guam,Navy Active
NAVBASE Guam Harmon,Guam,Navy Active
NAVBASE Guam Marbo,Guam,Navy Active
Agana,Guam,Navy Active
Santa Rosa Parcel A,Guam,Navy Active
Cheatham Annex,Virginia,Navy Active
NSA Norfolk Northwest Chesapke Va,Virginia,Navy Active
Craney Island,Virginia,Navy Active
NSA Norfolk Fire Fighters School,Virginia,Navy Active
NSA Norfolk,Virginia,Navy Active
NSA Norfolk New Gosport/NNSY,Virginia,Navy Active
NSA Washington,District of Columbia,Navy Active
NAS Patuxent River,Maryland,Navy Active
Webster Field,Maryland,Navy Active
NSA South Potomac,Virginia,Navy Active
NSWC Indian Head,Maryland,Navy Active
NWS Yorktown,Virginia,Navy Active
NSA South Potomac Stump Neck Area,Maryland,Navy Active
NSA Norfolk NSY,Virginia,Navy Active
NSA Norfolk St Juliens Creek Annex,Virginia,Navy Active
NSA Norfolk Stanley Court/NNSY,Virginia,Navy Active
NAS Oceana,Virginia,Navy Active
NAS Oceana Midway Manor,Virginia,Navy Active
ALF Fentress Chesapeake,Virginia,Navy Active
NSA New Orleans,Louisiana,Navy Active
Naval Medical Center Portsmouth,Virginia,Navy Active
NSA Norfolk Lafayette Rvr Complex,Virginia,Navy Active
NOLF Evergreen,Alabama,Navy Active
NAS Oceana Dam Neck,Virginia,Navy Active
NS Norfolk,Virginia,Navy Active
NSA Mechanicsburg,Pennsylvania,Navy Active
NAVSUBASE New London,Connecticut,Navy Active
NAVPHIBASE Little Creek,Virginia,Navy Active
NSA Norfolk St Helena Norfolk,Virginia,Navy Active
NAVSUBASE New London Nautilus Park 1st Inc,Connecticut,Navy Active
NWS Earle NJ,New Jersey,Navy Active
NAVSUBASE New London Polaris Park,Connecticut,Navy Active
NAS JRB Willow Grove,Pennsylvania,Navy Active
NSA Norfolk South Gate,Virginia,Navy Active
NAVSUBASE New London Conning Towers,Connecticut,Navy Active
NAVSUBASE New London Nautilus Park 3rd Inc,Connecticut,Navy Active
NAS Brunswick McKeen Street,Maine,Navy Active
Gould Island RI,Rhode Island,Navy Active
NSY Portsmouth,Maine,Navy Active
NAS Portsmouth NCTS Cutler VLF Area,Maine,Navy Active
Fort Adams RI,Rhode Island,Navy Active
Toledo/Exp Airport,Ohio,AF Guard
NAS Brunswick,Maine,Navy Active
NS Newport,Rhode Island,Navy Active
NSA Mechanicsburg Det Philadelphia Annex PNBC,Pennsylvania,Navy Active
NS Anacostia,District of Columbia,Navy Active
NSWC Carderock,Maryland,Navy Active
Defense General Supply Center,Virginia,Army Active
Harvey Point NC,North Carolina,Navy Active
National Naval Medical Center Bethesda,Maryland,Navy Active
NSA Annapolis,Maryland,Navy Active
Naval Academy North Severn,Maryland,Navy Active
Scranton AAP,Pennsylvania,Army Active
NSA North Potomac,District of Columbia,Navy Active
Naval Research Lab,District of Columbia,Navy Active
Bellevue,District of Columbia,Navy Active
Naval Activity Puerto Rico,Puerto Rico,Navy Active
Fort Detrick,Maryland,Army Active
Fort Hamilton,New York,Army Active
USA Adelphi Laboratory Ctr,Maryland,Army Active
Walter Reed AMC Main Post,District of Columbia,Army Active
Fort Monmouth Main Post,New Jersey,Army Active
Fort Lesley J McNair,District of Columbia,Army Active
New Boston AS,New Hampshire,AF Active
Watervliet Arsenal,New York,Army Active
Fort Monroe,Virginia,Army Active
Fort Myer,Virginia,Army Active
Fort Story,Virginia,Navy Active
Stewart Annex,New York,Army Active
Fort Buchanan,Puerto Rico,Army Reserve
Fort Drum,New York,Army Active
Aberdeen Proving Ground,Maryland,Army Active
Fort Belvoir,Virginia,Army Active
Fort George G Meade,Maryland,Army Active
Fort Lee,Virginia,Army Active
Carlisle Barracks,Pennsylvania,Army Active
Letterkenny Army Depot,Pennsylvania,Army Active
Defense Distrib Depot Susq,Pennsylvania,Army Active
Blossom Point Research Facility,Maryland,Army Active
Fort A P Hill,Virginia,Army Active
Military Ocean Tml Sunny Point,North Carolina,Army Active
NSA Orlando,Florida,Navy Active
Picatinny Arsenal,New Jersey,Army Active
Tobyhanna Army Depot,Pennsylvania,Army Active
West Point Mil Reservation,New York,Army Active
NG Camp Fogarty TS,Rhode Island,Army Guard
Summerfield FH Site #1,Maryland,AF Active
MTA Camp Edwards,Massachusetts,Army Guard
MTA Camp Santiago Rq 577,Puerto Rico,Army Guard
Pease ANGB,New Hampshire,AF Guard
Brandywine Globecom Annex,Maryland,AF Active
NG TS Ethan Allen Range,Vermont,Army Guard
"Fort Pickett, ARNG MTC",Virginia,Army Guard
Fort Indiantown Gap,Pennsylvania,Army Guard
Langley AFB,Virginia,AF Active
Langley FH Annex,Virginia,AF Active
Fort Eustis,Virginia,Army Active
Isabela N00207-AB,Puerto Rico,AF Active
NAVBASE Guam,Guam,Navy Active
Fort Fisher Recreation Site,North Carolina,AF Active
Dare County Range,North Carolina,AF Active
Seymour Johnson AFB,North Carolina,AF Active
Salinas N00207-JA,Puerto Rico,AF Active
Martin State Apt,Maryland,AF Guard
Dover AFB,Delaware,AF Active
Bradley IAP,Connecticut,AF Guard
Northwest Guam AFB,Guam,AF Active
Hanscom AFB,Massachusetts,AF Active
Rome Laboratory,New York,AF Active
Verona Test Annex,New York,AF Active
Eareckson AS,Alaska,AF Active
Newington Defense Fuel Support Point,New Hampshire,AF Active
Andrews AFB,Maryland,AF Active
Burlington IAP,Vermont,AF Guard
Offutt FH Annex,Nebraska,AF Active
Cape Cod AS,Massachusetts,AF Active
Newport Test Annex #2 Transmitter,New York,AF Active
Verona Defense Fuel Support Point,New York,AF Active
US Army Joint Sys Mfg Ctr Lima,Ohio,Army Active
Warren Grove Range,New Jersey,AF Guard
Bangor IAP,Maine,AF Guard
Hancock Field,New York,AF Guard
Stewart IAP,New York,AF Guard
Francis S. Gabreski Airport,New York,AF Guard
Quonset State Airport,Rhode Island,AF Guard
Ramey AF Solar Observatory Research Site,Puerto Rico,AF Active
Westover ARB,Massachusetts,AF Reserve
Governors Bridge Globecom Annex,Maryland,AF Active
Bolling AFB,District of Columbia,AF Active
Plattsburg AFB,New York,AF Active
Pentagon Reservation,Virginia,WHS
NAWCADLKE Lakehurst,New Jersey,AF Active
Pinehurst Estates,New Jersey,AF Active
Stones Ranch Military Reservation,Connecticut,Army Guard
McGuire AFB,New Jersey,AF Active
Fort Dix,New Jersey,AF Active
MCAS Beaufort LB Housing,South Carolina,MC Active
MCSF Blount Island,Florida,MC Active
MCRD Beaufort Parris Island,South Carolina,MC Active
MTA Camp Shelby,Mississippi,Army Guard
MCAS Beaufort,South Carolina,MC Active
Camp Dodge Johnston TS,Iowa,Army Guard
MCLB Albany,Georgia,MC Active
MCLB Albany Housing Area #1,Georgia,MC Active
NSA Midsouth Memphis,Tennessee,Navy Active
GL Forrestal Village,Illinois,Navy Active
GL Camp JPJ,Illinois,Navy Active
NOSC Battle Creek,Michigan,Navy Reserve
NOSC Columbus,Ohio,Navy Reserve
NOLF Choctaw,Florida,Navy Active
NSA Crane,Indiana,Navy Active
NOSC Toledo Oh,Ohio,Navy Reserve
Corry Station,Florida,Navy Active
NOLF Holley,Florida,Navy Active
OLF Bronson,Florida,Navy Active
NSA New Orleans East Bank,Louisiana,Navy Active
NAS JRB New Orleans,Louisiana,Navy Active
OLF Bravo,Mississippi,Navy Active
NS Ingleside,Texas,Navy Active
CBC Gulfport Lakeside Housing,Mississippi,Navy Active
Pinecastle E.W. Range,Florida,Navy Active
NAS Kingsville King Ranch,Texas,Navy Active
ALF Orange,Texas,Navy Active
NOLF Brewton,Alabama,Navy Active
NOLF Silverhill,Alabama,Navy Active
Barin Field,Alabama,Navy Active
NOLF Summerdale,Alabama,Navy Active
CBC Gulfport,Mississippi,Navy Active
NAS JRB Fort Worth,Texas,Navy Active
NS Mayport,Florida,Navy Active
ALF Cabaniss,Texas,Navy Active
NS Mayport FISC,Florida,Navy Active
NS Mayport Ribault Bay Village,Florida,Navy Active
Iowa AAP,Iowa,Army Active
NAS Kingsville,Texas,Navy Active
ALF Waldron,Texas,Navy Active
Newport Chem Depot,Indiana,Army Active
Dixie Target Range,Texas,Navy Active
NOLF Spencer,Florida,Navy Active
NOLF Santa Rosa,Florida,Navy Active
NOLF Wolf,Alabama,Navy Active
Whiting Pines,Florida,Navy Active
NAS Whiting Field Milton,Florida,Navy Active
NAS Corpus Christi,Texas,Navy Active
NAVSUBASE Kings Bay,Georgia,Navy Active
OLF Whitehouse,Florida,Navy Active
NSA Panama City,Florida,Navy Active
NAS Jacksonville,Florida,Navy Active
NAS Pensacola,Florida,Navy Active
Fort Sheridan,Illinois,Navy Active
NAS Meridian,Mississippi,Navy Active
NAS Key West Peary Court,Florida,Navy Active
NAS Key West Dredgers Key-Sigsbee,Florida,Navy Active
NAS Key West Fleming Key Magazine,Florida,Navy Active
NAS Key West,Florida,Navy Active
Naval Hospital Key West,Florida,Navy Active
NAS Key West Truman Annex,Florida,Navy Active
NAS Jacksonville - Yellow Water Housing,Florida,Navy Active
NAS Key West Trumbo Point Annex,Florida,Navy Active
NWS Charleston Short Stay,South Carolina,Navy Active
NWS Charleston,South Carolina,Navy Active
NSA Athens,Georgia,Navy Active
Dobbins AFB,Georgia,Navy Active
NAS Atlanta,Georgia,Navy Active
Saufley Field,Florida,Navy Active
Kansas AAP,Kansas,Army Active
Smoky Hill ANG Range,Kansas,AF Guard
Fort McCoy,Wisconsin,Army Reserve
Fort Gordon,Georgia,Army Active
Fort Hood,Texas,Army Active
Fort Benning GA,Georgia,Army Active
Fort Benning AL,Alabama,Army Active
Fort Bragg,North Carolina,Army Active
Fort Jackson,South Carolina,Army Active
Fort Knox,Kentucky,Army Active
Fort Leavenworth,Kansas,Army Active
Charles E Kelly Support Facility,Pennsylvania,Army Active
Hunter Army Airfield,Georgia,Army Active
Fort Leonard Wood,Missouri,Army Active
Fort McPherson,Georgia,Army Active
Fort Gillem,Georgia,Army Active
Mississippi AAP,Mississippi,Army Active
Radford AAP,Virginia,Army Active
Lake City AAP,Missouri,Army Active
Milan AAP,Tennessee,Army Active
Lone Star AAP,Texas,Army Active
McAlester AAP,Oklahoma,Army Active
Charleston AFB,South Carolina,AF Active
Charleston Defense Fuel Support Point,South Carolina,AF Active
Holston AAP,Tennessee,Army Active
Redstone Arsenal,Alabama,Army Active
Pope AFB Munitions Storage Area,North Carolina,AF Active
Pine Bluff Arsenal,Arkansas,Army Active
Red River Army Depot,Texas,Army Active
Anniston Army Depot,Alabama,Army Active
K I Sawyer AFB,Michigan,AF Active
Camp Mackall,North Carolina,Army Active
Fort Campbell KY,Kentucky,Army Active
Fort Polk,Louisiana,Army Active
Fort Riley,Kansas,Army Active
Blue Grass Army Depot,Kentucky,Army Active
Detroit Arsenal,Michigan,Army Active
Rickenbacker IAP (ANG),Ohio,AF Guard
Camp Bullis,Texas,Army Active
Fort Sam Houston,Texas,Army Active
Fort Sill,Oklahoma,Army Active
Fort Stewart,Georgia,Army Active
Cornhusker AAP,Nebraska,Army Active
St Louis AFS,Missouri,AF Active
Scott AFB,Illinois,AF Active
Rock Island Arsenal,Illinois,Army Active
Volk ANGB,Wisconsin,AF Guard
VTS Catoosa,Georgia,Army Guard
Longhorn AAP,Texas,Army Active
Defense Supply Center Columbus,Ohio,Army Active
"Camp Frank D. Merrill, Dahlonega",Georgia,Army Active
Ravenna Training and Log Site,Ohio,Army Guard
CTA Camp McCain,Mississippi,Army Guard
MTA Camp Crowder Neosho,Missouri,Army Guard
Laughlin AFB,Texas,AF Active
Camp Swift,Texas,Army Guard
Camp Atterbury,Indiana,Army Guard
CTC Fort Custer Trng Center,Michigan,Army Guard
Camp Gruber,Oklahoma,Army Guard
Fort McClellan ARNG Training Center,Alabama,Army Guard
Avon Park AF Range,Florida,AF Active
Offutt AFB,Nebraska,AF Active
Dyess AFB,Texas,AF Active
Myrtle Beach AFB,South Carolina,AF Active
Offutt Communications Annex #2 Globecom,Nebraska,AF Active
Arbuckle Airfield,Florida,AF Active
Shaw AFB,South Carolina,AF Active
Moody AFB,Georgia,AF Active
Columbus AFB,Mississippi,AF Active
Altus AFB,Oklahoma,AF Active
Vance AFB,Oklahoma,AF Active
Goodfellow AFB,Texas,AF Active
Randolph AFB,Texas,AF Active
Kelly Field Annex,Texas,AF Active
Lackland Training Annex,Texas,AF Active
Sheppard AFB,Texas,AF Active
Tyndall AFB,Florida,AF Active
Maxwell AFB,Alabama,AF Active
Eglin AFB Auxiliary Field #6,Florida,AF Active
Maxwell AFB Gunter Annex,Alabama,AF Active
Little Rock AFB,Arkansas,AF Active
Eglin AFB,Florida,AF Active
Hurlburt Field,Florida,AF Active
Fort Wayne IAP,Indiana,AF Guard
Keesler AFB,Mississippi,AF Active
Lackland AFB,Texas,AF Active
Cavalier AS,North Dakota,AF Active
Yeager Airport,West Virginia,AF Guard
Gen Mitchell IAP,Wisconsin,AF Guard
Hulman Fld,Indiana,AF Guard
Barksdale AFB,Louisiana,AF Active
Defense Fuel Support Point,North Dakota,AF Active
Grand Forks AFB,North Dakota,AF Active
Forbes Field (ANG),Kansas,AF Guard
MacDill AFB,Florida,AF Active
McConnell AFB,Kansas,AF Active
Hunley Park Military FH,South Carolina,AF Active
North Air Force Auxiliary Field,South Carolina,AF Active
Pope AFB Site # 1,North Carolina,AF Active
Wright-Patterson AFB,Ohio,AF Active
Robins AFB,Georgia,AF Active
Arnold AS,Tennessee,AF Active
Des Moines IAP,Iowa,AF Guard
Tinker AFB,Oklahoma,AF Active
Tinker Support Annex,Oklahoma,AF Active
McEntire Joint NGB,South Carolina,AF Guard
Selfridge ANGB,Michigan,AF Guard
Truax ANGB,Wisconsin,AF Guard
Rosecrans MAP (139AG),Missouri,AF Guard
Sioux Gateway Apt/Col Bud Day Field (ANG),Iowa,AF Guard
Tulsa IAP,Oklahoma,AF Guard
Hector IAP,North Dakota,AF Guard
"Jackson IAP, Thompson Field",Mississippi,AF Guard
Joe Foss Field,South Dakota,AF Guard
Lincoln MAP,Nebraska,AF Guard
Niagara Falls,New York,AF Reserve
Youngstown Joint ARS,Ohio,AF Reserve
Gulfport-Biloxi Regional Airport (ANG),Mississippi,AF Guard
Cape Canaveral AFS,Florida,AF Active
Patrick AFB,Florida,AF Active
Malabar Transmitter Annex,Florida,AF Active
Minneapolis-St Paul,Minnesota,AF Reserve
Whiteman AFB,Missouri,AF Active
Dobbins ARB,Georgia,AF Reserve
Grissom ARB,Indiana,AF Reserve
Homestead ARB,Florida,AF Reserve
Fort Wolters,Texas,Army Guard
Fort Chaffee MTC,Arkansas,Army Guard
NG Greenlief TS/UTES 01,Nebraska,Army Guard
Camp Ashland,Nebraska,Army Guard
NG Mead TS/FMS 06/UTES 02,Nebraska,Army Guard
Eglin AFB Auxiliary Field #3,Florida,AF Active
NS Great Lakes,Illinois,Navy Active
Hardwood Weapons Range (ANG),Wisconsin,AF Guard
Birmingham Airport,Alabama,AF Guard
Brooks AFB,Texas,AF Active
Springfield Beckley MAP,Ohio,AF Guard
Duluth IAP,Minnesota,AF Guard
Grissom AFB,Indiana,AF Active
Kelly AFB,Texas,AF Active
Mansfield Lahm MAP,Ohio,AF Guard
Jacksonville IAP,Florida,AF Guard
Charlotte/Douglas IAP,North Carolina,AF Guard
Goldberg Stagefield,Alabama,Army Active
Stinson (5AB) Stagefield,Alabama,Army Active
Fort Rucker,Alabama,Army Active
Stanly County Airport,North Carolina,AF Guard
Hunt Stagefield,Alabama,Army Active
Brown (4B) Stagefield,Alabama,Army Active
Runkle Stagefield,Alabama,Army Active
Skelly Stagefield,Alabama,Army Active
NIOC Sugar Grove,West Virginia,Navy Active
Camp Perry TS (CTC),Ohio,Army Guard
Camp Joseph T Robinson,Arkansas,Army Guard
MTC Camp Blanding,Florida,Army Guard
Marseilles (MTA Training Area),Illinois,Army Guard
MTC-H Camp Grayling,Michigan,Army Guard
Camp Ripley,Minnesota,Army Guard
NG Beauregard Training Range,Louisiana,Army Guard
Camp Maxey,Texas,Army Guard
Camp Grafton,North Dakota,Army Guard
CTC Camp Dawson-Kingwood,West Virginia,Army Guard
Camp Minden TS,Louisiana,Army Guard
