Designated,Designated Use,Line Name
No,All,81-213
No,All,81-213
No,All,81-213
No,All,81-213
No,All,81-213
No,All,81-213
No,All,81-213
No,All,81-213
No,All,81-213
No,All,81-213
No,All,81-213
No,All,81-213
No,All,81-213
No,All,81-213
No,All,81-213
No,All,81-213
No,All,81-213
No,All,81-213
No,All,81-213
No,All,81-213
Yes,All,81-213
No,All,89-271
No,All,89-271
No,All,89-271
No,All,89-271
No,All,89-271
No,All,89-271
No,All,89-271
No,All,89-271
No,All,89-271
No,All,89-271
No,All,89-271
No,All,89-271
No,All,89-271
No,All,89-271
No,All,89-271
No,All,89-271
No,All,89-271
No,All,89-271
No,All,89-271
No,All,89-271
No,All,89-271
No,All,89-271
No,All,89-271
No,All,89-271
No,All,89-271
No,All,89-271
No,All,89-271
No,All,89-271
No,All,89-271
No,All,89-271
No,All,89-271
No,All,89-271
No,All,89-271
No,All,89-271
No,All,89-271
No,All,89-271
No,All,89-271
No,All,89-271
No,All,89-271
No,All,89-271
No,All,89-271
No,All,89-271
No,All,89-271
No,All,89-271
No,All,89-271
No,All,89-271
No,All,89-271
No,All,89-271
No,All,89-271
No,All,89-271
No,All,115-208
No,All,115-208
No,All,115-208
No,All,115-208
No,All,115-208
No,All,115-208
No,All,115-208
No,All,115-208
No,All,115-208
No,All,115-208
No,All,115-208
No,All,115-208
No,All,115-208
No,All,115-238
No,All,115-238
No,All,115-238
No,All,115-238
No,All,115-238
No,All,115-238
No,All,115-238
No,All,115-238
No,All,115-238
No,All,115-238
No,All,115-238
No,All,115-238
No,All,115-238
No,All,115-238
No,All,115-238
No,All,115-238
No,All,115-238
No,All,115-238
No,All,115-238
No,All,115-238
Yes,All,115-238
No,Electric-only,115-238
Yes,All,115-238
Yes,All,115-238
Yes,All,115-238
Yes,All,115-238
Yes,All,115-238
Yes,All,115-238
Yes,All,115-238
Yes,All,115-238
Yes,All,115-238
Yes,All,115-238
Yes,All,115-238
Yes,All,115-238
Yes,All,115-238
Yes,All,115-238
Yes,All,115-238
Yes,All,115-238
Yes,All,27-225
Yes,All,27-225
Yes,All,115-238
Yes,All,115-238
Yes,All,115-238
Yes,All,115-238
Yes,All,115-238
Yes,All,115-238
Yes,All,115-238
Yes,All,115-238
Yes,All,115-238
Yes,All,115-238
Yes,All,115-238
Yes,All,115-238
Yes,All,115-238
Yes,All,115-238
Yes,All,115-238
Yes,All,115-238
Yes,All,115-238
Yes,All,115-238
Yes,All,115-238
Yes,All,115-238
Yes,All,115-238
Yes,All,115-238
Yes,All,115-238
Yes,All,115-238
No,All,234-235
No,All,234-235
Yes,All,27-225
Yes,All,27-225
Yes,All,27-225
No,All,27-41
No,All,27-41
No,All,27-41
Yes,All,27-41
Yes,All,27-41
Yes,All,27-41
Yes,All,27-41
Yes,All,27-41
Yes,All,27-41
Yes,All,27-41
Yes,All,27-41
Yes,All,27-41
Yes,All,27-41
Yes,All,27-41
Yes,All,41-46
Yes,All,27-41
Yes,All,27-41
Yes,All,27-41
Yes,All,30-52
Yes,All,27-41
Yes,All,27-41
Yes,All,27-41
Yes,All,27-41
Yes,All,27-41
Yes,All,41-46
Yes,All,30-52
Yes,All,30-52
Yes,All,30-52
Yes,All,30-52
Yes,All,30-52
Yes,All,30-52
Yes,All,30-52
Yes,All,30-52
Yes,All,30-52
Yes,All,30-52
Yes,All,30-52
Yes,All,30-52
Yes,All,30-52
Yes,All,30-52
Yes,All,30-52
Yes,All,30-52
Yes,All,30-52
Yes,All,30-52
Yes,All,30-52
Yes,All,30-52
Yes,All,30-52
Yes,All,30-52
Yes,All,30-52
Yes,All,30-52
Yes,All,30-52
Yes,All,30-52
Yes,All,30-52
Yes,All,30-52
Yes,All,30-52
Yes,All,30-52
Yes,All,30-52
Yes,All,30-52
Yes,All,30-52
Yes,All,30-52
Yes,All,30-52
Yes,All,30-52
Yes,All,30-52
Yes,All,30-52
Yes,All,30-52
Yes,All,30-52
Yes,All,30-52
Yes,Underground-only,41-46
Yes,All,41-46
No,All,41-46
Yes,All,41-46
Yes,All,41-46
Yes,All,41-46
Yes,All,41-46
Yes,All,41-46
Yes,All,41-46
Yes,Underground-only,41-46
Yes,Underground-only,41-46
Yes,Underground-only,41-46
Yes,Underground-only,41-46
Yes,All,41-47
Yes,All,41-47
Yes,All,41-47
Yes,All,41-47
Yes,All,41-47
Yes,All,41-47
Yes,All,46-270
Yes,All,46-270
Yes,All,46-270
Yes,All,46-270
Yes,All,46-270
Yes,All,46-270
Yes,All,46-270
Yes,All,46-270
Yes,All,46-269
Yes,All,46-269
Yes,All,46-269
Yes,All,46-269
Yes,All,46-269
Yes,All,46-269
Yes,All,46-269
Yes,All,46-269
Yes,All,46-269
Yes,All,46-269
Yes,All,46-269
Yes,All,46-269
Yes,All,46-269
Yes,Underground-only,46-269
Yes,Underground-only,46-269
Yes,Underground-only,46-269
Yes,All,46-270
Yes,All,46-270
Yes,All,46-270
Yes,All,46-270
Yes,All,46-270
Yes,All,46-270
Yes,All,46-270
Yes,Electric-only,47-231
Yes,Electric-only,47-231
Yes,Electric-only,47-231
Yes,Electric-only,47-231
Yes,Electric-only,47-231
Yes,Electric-only,47-231
Yes,Electric-only,47-231
Yes,Electric-only,47-231
Yes,Electric-only,47-231
Yes,Electric-only,47-231
Yes,Electric-only,47-231
Yes,Electric-only,47-231
Yes,Electric-only,47-231
Yes,Electric-only,47-231
Yes,Electric-only,47-231
Yes,All,47-68
No,All,61-207
No,All,61-207
No,All,61-207
No,All,61-207
No,All,61-207
No,All,61-207
No,All,61-207
No,All,61-207
No,All,61-207
Yes,All,61-207
Yes,All,61-207
Yes,All,61-207
Yes,All,61-207
Yes,All,61-207
Yes,All,61-207
Yes,All,61-207
Yes,All,62-211
Yes,All,62-211
Yes,All,62-211
No,All,130-131 (S)
No,Electric-only,130-131 (N)
No,Electric-only,130-131 (N)
No,Electric-only,130-131 (N)
No,Electric-only,130-131 (N)
No,Electric-only,130-131 (N)
No,Electric-only,130-131 (N)
No,All,130-131 (S)
No,All,130-131 (S)
No,All,78-255
No,All,130-131 (S)
No,All,130-274
No,All,131-134
No,All,131-134
No,All,130-274
No,All,130-274
No,All,130-274
No,All,130-274
Yes,All,130-274
Yes,All,130-274
Yes,All,130-274
Yes,All,130-274
No,All,131-134
No,Underground-only,130-274 (E)
No,Underground-only,130-274 (E)
No,Electric-only,134-139
No,Electric-only,134-139
No,All,136-139
Yes,All,130-274
Yes,All,130-274
Yes,All,130-274
No,All,132-136
No,All,132-136
No,All,132-136
No,All,132-136
No,All,132-136
No,All,132-136
No,All,132-136
No,All,132-136
No,All,132-136
No,All,132-136
No,All,132-136
Yes,All,132-136
Yes,All,132-136
Yes,All,132-136
Yes,All,132-136
No,All,136-139
No,All,136-277
No,All,136-277
No,All,136-277
No,All,136-277
No,All,136-277
No,All,136-277
No,Electric-only,139-277
No,Electric-only,139-277
No,Electric-only,139-277
No,Electric-only,139-277
No,Electric-only,139-277
No,Electric-only,139-277
No,Electric-only,139-277
No,Electric-only,139-277
No,All,66-212
No,All,66-212
No,All,66-212
No,All,66-212
No,All,66-212
No,All,66-212
No,All,66-212
No,All,66-212
Yes,All,130-274
Yes,All,132-136
Yes,All,132-136
Yes,All,132-136
Yes,All,132-136
Yes,All,132-136
Yes,All,132-136
Yes,All,132-136
Yes,All,132-136
Yes,All,132-136
Yes,All,132-136
Yes,All,132-136
No,All,134-136
No,All,134-136
No,All,134-136
No,All,134-136
No,All,134-136
No,All,134-136
No,All,134-136
No,All,134-136
No,All,134-136
No,All,134-136
No,All,134-136
No,Electric-only,134-139
No,All,66-212
No,All,66-212
No,All,66-212
No,All,66-212
No,All,66-212
No,All,66-212
No,All,66-212
No,All,66-212
No,All,66-212
No,All,66-212
No,All,66-212
No,All,66-212
No,All,66-212
No,All,66-212
No,All,66-212
No,All,66-212
No,All,66-212
No,All,66-212
No,All,66-212
No,All,66-212
No,All,66-212
No,All,66-212
No,All,66-212
Yes,All,80-273
Yes,All,80-273
No,All,80-273
No,All,80-273
No,All,80-273
No,All,80-273
No,All,80-273
No,All,80-273
No,All,80-273
No,All,80-273
No,All,80-273
No,All,80-273
No,All,80-273
No,All,80-273
No,All,80-273
No,All,80-273
No,All,80-273
No,All,80-273
No,All,80-273
No,All,80-273
No,All,80-273
No,All,80-273
No,All,78-255
No,All,80-273
No,All,80-273
No,All,80-273
No,All,80-273
No,All,80-273
No,All,80-273
No,All,80-273
No,All,80-273
No,All,80-273
No,All,80-273
No,All,80-273
No,All,80-273
No,All,80-273
No,All,80-273
No,All,80-273
No,All,80-273
No,All,80-273
No,All,80-273
No,All,80-273
No,All,80-273
Yes,All,80-273
Yes,All,80-273
Yes,All,80-273
Yes,All,80-273
Yes,All,80-273
Yes,All,80-273
Yes,All,80-273
No,All,87-277
No,All,87-277
Yes,All,87-277
Yes,All,87-277
Yes,All,87-277
Yes,All,87-277
Yes,All,87-277
Yes,All,87-277
Yes,All,87-277
Yes,All,87-277
Yes,All,87-277
Yes,All,87-277
Yes,All,87-277
Yes,All,87-277
Yes,All,87-277
Yes,All,87-277
Yes,All,87-277
Yes,All,87-277
Yes,All,87-277
Yes,All,87-277
Yes,All,87-277
No,All,144-275
No,All,78-255
No,All,78-255
No,All,78-255
No,All,144-275
No,All,144-275
No,All,144-275
No,All,144-275
No,All,144-275
No,All,144-275
No,All,144-275
No,All,144-275
No,All,144-275
No,All,144-275
No,All,144-275
No,All,144-275
No,All,144-275
No,All,144-275
No,All,144-275
No,Electric-only,144-275
No,Electric-only,144-275
No,Electric-only,144-275
No,Electric-only,144-275
No,Electric-only,144-275
No,Electric-only,144-275
No,Electric-only,144-275
No,Electric-only,144-275
Yes,All,144-275
Yes,All,144-275
Yes,All,144-275
No,All,78-138
No,All,78-138
No,All,78-138
No,All,78-138
No,All,78-138
No,All,78-138
No,All,78-138
No,All,78-138
No,All,78-138
No,All,78-138
No,All,78-138
No,All,78-138
No,All,78-138
No,All,78-138
No,All,78-138
No,All,78-138
No,All,78-138
No,All,78-138
No,All,78-138
No,All,78-138
No,All,78-255
No,All,78-255
No,All,78-255
No,All,78-255
No,All,78-255
No,All,78-255
No,All,78-255
No,All,78-255
No,All,79-216
No,All,79-216
No,All,78-255
No,All,78-255
No,All,78-85
No,All,78-85
No,All,78-85
No,All,78-85
No,All,78-85
No,All,78-85
No,All,78-85
No,All,78-85
No,All,78-85
No,All,78-85
No,All,78-85
No,All,78-85
No,All,78-85
No,All,78-85
No,All,78-85
No,All,78-85
No,All,78-85
No,All,78-85
No,All,79-216
No,All,79-216
No,All,79-216
No,All,79-216
No,All,79-216
No,All,79-216
No,All,79-216
No,All,79-216
No,All,79-216
No,All,79-216
No,All,79-216
No,All,79-216
No,All,79-216
No,All,79-216
No,All,81-213
No,All,81-213
No,All,81-213
No,All,81-213
No,All,81-213
No,All,81-213
No,All,81-213
No,All,81-213
No,All,81-213
No,All,81-213
No,All,81-213
No,All,81-213
No,All,81-213
No,All,81-213
No,All,81-213
No,All,81-213
No,All,81-213
No,All,81-272
No,All,81-272
No,All,81-272
No,All,81-272
No,All,81-272
No,All,81-272
No,All,81-272
No,All,81-272
No,All,81-272
No,All,81-272
No,All,81-272
No,All,81-272
No,All,81-272
No,All,81-272
No,All,81-272
No,All,81-272
No,All,81-272
No,All,81-272
No,All,81-272
No,All,81-272
No,All,81-272
No,All,81-272
No,All,81-272
No,All,81-272
No,All,81-272
No,All,81-272
No,All,81-272
No,All,81-272
No,All,81-272
No,All,81-272
No,All,81-272
No,All,81-272
No,All,81-272
No,All,81-272
No,All,81-272
No,All,81-272
No,All,81-272
No,All,87-277
No,All,87-277
No,All,87-277
No,All,87-277
No,All,87-277
No,Electric-only,87-277
Yes,All,87-277
Yes,All,87-277
Yes,All,87-277
Yes,All,87-277
Yes,All,87-277
Yes,All,87-277
Yes,All,87-277
Yes,All,87-277
Yes,All,87-277
Yes,All,87-277
Yes,All,87-277
Yes,All,87-277
Yes,All,87-277
Yes,All,87-277
Yes,All,87-277
Yes,All,87-277
Yes,All,87-277
Yes,All,87-277
Yes,All,87-277
Yes,All,87-277
No,All,79-216
No,All,79-216
No,All,73-129
No,All,73-129
No,All,73-129
Yes,Underground-only,73-133
No,Underground-only,73-133
No,Underground-only,73-133
No,Underground-only,73-133
No,Underground-only,73-133
No,All,78-138
No,Underground-only,73-133
No,Underground-only,73-133
No,All,79-216
Yes,Underground-only,73-133
Yes,Underground-only,73-133
Yes,Underground-only,73-133
No,All,73-138
No,All,73-138
No,All,73-138
No,All,73-138
No,All,78-138
No,All,78-138
No,All,78-138
No,All,78-138
No,All,78-138
No,All,78-138
No,All,78-138
No,All,78-138
No,All,78-138
No,All,78-138
No,All,78-138
No,All,78-138
No,All,78-138
No,All,78-138
No,All,78-138
No,All,79-216
No,All,79-216
No,All,79-216
No,All,79-216
No,All,79-216
No,All,79-216
No,All,79-216
No,All,79-216
No,All,79-216
No,All,79-216
No,All,79-216
No,All,79-216
No,All,79-216
No,All,79-216
No,All,79-216
No,All,79-216
No,All,79-216
No,All,79-216
No,All,79-216
No,All,79-216
No,All,79-216
No,All,79-216
No,All,79-216
No,All,79-216
No,All,79-216
No,All,79-216
No,All,79-216
No,All,79-216
No,All,79-216
No,All,79-216
No,All,79-216
No,All,79-216
No,All,79-216
No,All,79-216
No,All,79-216
No,All,79-216
No,All,79-216
No,All,79-216
No,All,79-216
No,All,79-216
No,All,79-216
No,All,79-216
No,All,79-216
No,All,79-216
No,All,79-216
No,All,79-216
No,Electric-only,121-220
No,Electric-only,121-220
No,Electric-only,121-220
No,Electric-only,121-220
No,Electric-only,121-220
No,Electric-only,121-220
No,Electric-only,121-220
No,Electric-only,121-220
No,All,121-221
No,All,121-221
No,All,121-221
No,All,121-221
No,All,121-221
No,All,121-221
No,All,121-221
No,All,121-221
No,All,121-221
No,All,121-221
No,All,121-221
No,All,121-221
No,All,121-221
No,All,121-221
No,All,121-221
No,All,121-221
No,All,121-221
No,All,121-221
No,All,121-221
No,All,121-221
No,All,121-240
No,All,121-240
No,All,121-221
No,All,121-221
No,All,121-221
No,All,121-221
No,All,121-221
No,All,121-221
No,All,121-221
No,All,121-221
No,All,121-221
No,All,121-240
No,All,121-221
No,All,121-221
No,All,121-221
No,All,121-221
No,All,121-221
No,All,121-221
No,All,121-221
No,All,121-221
No,All,121-240
No,All,121-240
No,All,121-240
No,All,121-240
No,All,121-240
No,All,121-240
No,All,121-240
No,All,121-240
No,All,121-240
No,All,121-240
No,All,121-240
No,All,121-240
No,Electric-only,220-221
No,All,121-240
No,All,121-240
No,All,121-240
No,All,121-240
No,All,121-240
No,All,121-240
No,All,121-240
No,All,121-240
No,All,121-240
No,All,121-240
No,All,126-218
No,All,126-218
No,All,126-218
No,All,126-218
No,All,126-218
No,All,126-218
No,All,126-218
No,All,126-218
No,All,126-218
No,All,126-218
No,All,126-218
No,All,126-218
No,All,126-218
No,All,126-218
No,Underground-only,126-218
No,Underground-only,126-218
No,Underground-only,126-218
No,Underground-only,126-218
No,Underground-only,126-218
No,Underground-only,126-218
No,Underground-only,126-218
No,Underground-only,126-218
No,Underground-only,126-218
No,All,129-218
No,All,129-218
No,All,129-218
No,All,129-218
No,All,129-218
No,All,129-218
No,All,129-218
No,All,129-218
No,All,129-218
No,All,129-218
No,All,129-218
No,All,129-218
No,All,129-218
No,All,129-218
No,All,129-218
No,All,129-218
No,All,129-218
No,All,129-218
No,All,129-218
No,All,129-218
No,All,129-218
No,All,129-218
No,All,129-218
No,All,129-218
No,All,129-218
No,All,129-218
No,All,129-218
No,All,129-218
No,All,129-218
No,All,129-218
No,All,129-218
No,All,129-218
No,All,129-218
No,All,129-218
No,All,129-221
No,All,129-221
No,All,129-221
No,All,129-221
No,All,129-221
No,All,129-221
No,All,129-221
No,All,129-221
No,All,129-221
No,All,218-240
No,All,218-240
No,All,218-240
No,All,218-240
No,All,218-240
No,All,218-240
No,All,218-240
No,Electric-only,219-220
No,Electric-only,219-220
No,All,218-240
No,All,218-240
No,All,218-240
No,All,218-240
No,Electric-only,219-220
No,Electric-only,219-220
No,Electric-only,220-221
No,Electric-only,220-221
No,Electric-only,220-221
No,Electric-only,220-221
No,Electric-only,220-221
No,Electric-only,220-221
No,Electric-only,220-221
No,Electric-only,220-221
No,Electric-only,220-221
No,Electric-only,220-221
No,Electric-only,220-221
No,Electric-only,220-221
No,Electric-only,220-221
No,Electric-only,220-221
No,Electric-only,220-221
No,Electric-only,220-221
No,Electric-only,220-221
No,Electric-only,220-221
No,All,55-240
No,All,55-240
No,All,55-240
No,All,55-240
No,All,55-240
No,All,55-240
No,All,55-240
No,All,55-240
No,All,55-240
No,All,55-240
No,All,55-240
No,All,55-240
No,All,55-240
No,All,55-240
No,All,55-240
No,All,55-240
No,All,55-240
No,All,55-240
No,All,55-240
No,All,55-240
No,All,55-240
No,All,55-240
No,All,55-240
No,All,55-240
No,All,55-240
No,All,55-240
No,All,55-240
No,All,55-240
No,All,55-240
No,All,73-129
No,All,73-129
Yes,All,126-133
No,All,126-133
No,All,126-133
No,All,126-133
No,All,126-133
No,All,126-133
No,All,126-133
No,All,126-133
No,All,126-133
Yes,All,126-133
Yes,All,126-133
Yes,All,126-133
Yes,All,126-133
Yes,All,126-133
Yes,All,126-133
Yes,All,126-133
Yes,All,126-133
Yes,All,126-133
Yes,All,126-133
Yes,All,126-133
Yes,All,126-133
Yes,All,126-133
Yes,All,126-133
Yes,All,126-133
Yes,All,126-133
No,All,126-218
No,All,126-218
No,All,126-218
No,All,126-218
No,All,126-218
No,All,126-218
No,All,126-218
No,All,126-218
No,All,126-218
No,All,126-218
No,All,126-218
No,All,126-258
No,All,126-258
No,All,126-258
No,All,126-258
No,All,126-258
No,Underground-only,132-133
Yes,Underground-only,132-133
No,Underground-only,132-133
No,Underground-only,132-133
No,Underground-only,132-133
No,Underground-only,132-133
No,Underground-only,132-133
No,Underground-only,132-133
No,Underground-only,132-133
No,Underground-only,132-133
No,Underground-only,132-133
Yes,Underground-only,132-133
Yes,Underground-only,132-133
No,Underground-only,132-133
Yes,Underground-only,132-133
Yes,Underground-only,132-133
Yes,Underground-only,132-133
Yes,Underground-only,132-133
Yes,Underground-only,132-133
Yes,Underground-only,132-133
No,Electric-only,132-276
No,Underground-only,132-133
No,Underground-only,132-133
No,Underground-only,132-133
No,Underground-only,132-133
No,Underground-only,132-133
No,Underground-only,132-133
No,Underground-only,132-133
Yes,All,132-133
Yes,All,132-133
Yes,Underground-only,132-133
Yes,Underground-only,132-133
Yes,Underground-only,132-133
Yes,Underground-only,132-133
Yes,Underground-only,132-133
Yes,Underground-only,132-133
Yes,Underground-only,132-133
Yes,Underground-only,132-133
Yes,Underground-only,132-133
Yes,Underground-only,132-133
Yes,Underground-only,132-133
Yes,Underground-only,132-133
Yes,Underground-only,132-133
Yes,Underground-only,132-133
Yes,Underground-only,132-133
No,All,132-276
No,All,132-276
No,All,132-276
No,All,132-276
No,All,132-276
No,All,132-276
No,All,132-276
No,All,132-276
No,All,132-276
No,All,132-276
No,All,132-276
No,All,132-276
No,All,132-276
No,All,132-276
No,All,132-276
No,All,132-276
No,All,132-276
No,All,132-276
No,Electric-only,132-276
No,Electric-only,132-276
No,Electric-only,132-276
No,Electric-only,132-276
No,Electric-only,132-276
No,Electric-only,132-276
No,Electric-only,132-276
No,Electric-only,132-276
No,Electric-only,132-276
No,Electric-only,132-276
No,Electric-only,132-276
No,Electric-only,132-276
No,Electric-only,132-276
No,Electric-only,132-276
No,Electric-only,132-276
No,Electric-only,132-276
No,Electric-only,132-276
No,Electric-only,132-276
No,Electric-only,132-276
No,Electric-only,132-276
No,Electric-only,132-276
No,Electric-only,132-276
No,Electric-only,132-276
Yes,All,132-276
Yes,All,132-276
Yes,All,132-276
Yes,All,132-276
Yes,All,133-142
Yes,All,133-142
Yes,All,133-142
No,All,138-143
No,All,138-143
No,All,138-143
No,All,138-143
No,All,138-143
No,All,138-143
No,All,138-143
No,All,138-143
No,All,138-143
No,All,138-143
No,All,138-143
No,All,138-143
No,All,138-143
No,All,138-143
No,All,138-143
No,All,138-143
No,All,138-143
No,All,138-143
No,All,138-143
No,All,138-143
No,All,138-143
No,All,138-143
No,All,138-143
No,All,138-143
No,All,138-143
No,All,138-143
No,All,138-143
No,All,138-143
No,All,138-143
No,All,138-143
No,All,138-143
Yes,Electric-only,138-143
Yes,Electric-only,138-143
Yes,Electric-only,138-143
Yes,Electric-only,138-143
No,All,218-240
No,All,218-240
No,All,218-240
No,All,218-240
No,All,218-240
No,Underground-only,218-240
No,Electric-only,220-221
No,All,73-129
No,All,73-129
No,All,73-129
Yes,Underground-only,73-133
No,All,73-138
No,All,73-138
No,Underground-only,73-133
No,Underground-only,73-133
No,Underground-only,73-133
No,Underground-only,73-133
No,Underground-only,73-133
Yes,Underground-only,73-133
Yes,Underground-only,73-133
Yes,Underground-only,73-133
Yes,Underground-only,73-133
Yes,Underground-only,73-133
Yes,Underground-only,73-133
Yes,Underground-only,73-133
Yes,Underground-only,73-133
Yes,Underground-only,73-133
Yes,Underground-only,73-133
No,All,73-138
No,All,73-138
No,All,73-138
No,All,66-212
No,All,66-212
No,All,66-212
No,All,66-212
No,All,66-212
No,All,66-212
No,All,66-212
No,All,66-212
No,All,66-212
No,All,66-212
No,All,66-212
No,All,66-212
No,All,66-212
No,All,66-212
No,All,66-212
No,All,66-212
No,All,66-212
No,All,66-212
No,All,66-212
No,All,66-212
No,All,66-212
No,All,66-212
No,All,66-212
No,All,66-212
No,All,66-212
No,All,66-212
No,All,66-259
No,All,17-35
No,All,17-35
No,All,17-35
Yes,All,15-17
Yes,All,15-17
Yes,All,15-17
Yes,All,15-17
Yes,All,15-17
Yes,All,15-17
Yes,All,15-17
Yes,All,15-17
Yes,All,15-17
Yes,All,15-17
Yes,All,15-17
Yes,All,15-17
Yes,All,15-17
Yes,All,15-17
Yes,All,15-17
Yes,All,16-24
Yes,All,15-17
Yes,All,15-17
No,All,16-104
No,All,16-104
No,All,16-104
No,All,16-104
No,All,16-104
No,All,16-104
No,All,16-104
Yes,All,16-104
No,All,16-17
No,All,16-17
No,All,16-17
No,All,16-17
No,All,16-17
No,All,16-17
No,All,16-17
No,All,16-17
No,All,16-17
Yes,All,16-24
No,All,16-17
No,All,16-17
No,All,16-17
Yes,All,16-17
Yes,All,16-24
Yes,All,16-24
Yes,All,16-24
Yes,All,16-24
Yes,All,16-24
Yes,All,16-24
Yes,All,16-24
Yes,All,16-24
Yes,All,16-24
Yes,All,16-24
Yes,All,16-24
Yes,All,16-24
Yes,All,16-24
Yes,All,16-24
Yes,All,16-24
Yes,All,16-24
Yes,All,16-24
Yes,All,16-24
Yes,All,16-24
Yes,All,16-24
Yes,All,16-24
Yes,All,16-24
Yes,All,16-24
Yes,All,16-24
Yes,All,16-24
Yes,All,16-24
Yes,All,16-24
Yes,All,16-24
Yes,All,16-24
Yes,All,16-24
Yes,All,16-24
Yes,All,16-24
Yes,All,16-24
Yes,All,16-24
Yes,All,16-24
Yes,All,16-24
Yes,All,16-24
Yes,All,16-24
Yes,All,17-18
Yes,All,17-18
Yes,All,17-18
Yes,All,17-18
Yes,All,17-18
Yes,All,17-18
Yes,All,17-18
Yes,All,17-18
Yes,All,17-18
Yes,All,17-18
Yes,All,17-18
No,All,17-35
No,All,17-35
Yes,All,17-18
Yes,All,17-18
Yes,All,17-18
Yes,All,17-18
Yes,All,17-18
Yes,All,17-18
Yes,All,17-18
Yes,All,17-18
Yes,All,17-18
Yes,All,17-18
Yes,All,17-18
Yes,All,17-18
No,All,17-35
No,All,17-35
No,All,17-35
No,All,17-35
No,All,17-35
No,All,17-35
No,All,17-35
No,All,17-35
No,All,17-35
No,All,17-35
No,All,17-35
No,All,17-35
No,All,17-35
No,All,17-35
No,All,17-35
No,All,17-35
No,All,17-35
No,All,17-35
No,All,17-35
No,All,17-35
No,All,17-35
No,All,17-35
No,All,17-35
No,All,17-35
No,All,17-35
No,All,17-35
No,All,17-35
No,All,17-35
No,All,17-35
No,All,17-35
No,All,17-35
No,All,17-35
No,All,17-35
No,All,17-35
No,All,17-35
No,All,17-35
No,All,17-35
No,All,17-35
No,All,17-35
No,All,17-35
No,All,17-35
No,All,17-35
No,All,17-35
No,All,17-35
No,All,17-35
No,All,17-35
No,All,17-35
No,All,17-35
No,All,17-35
No,All,17-35
No,All,17-35
No,All,17-35
No,All,17-35
No,All,17-35
No,All,17-35
No,All,17-35
No,All,17-35
No,All,17-35
No,All,17-35
No,All,17-35
No,All,17-35
No,All,17-35
No,All,17-35
No,All,17-35
No,All,17-35
Yes,All,17-35
Yes,All,18-224
No,All,6-15
No,All,6-15
No,All,6-15
No,All,7-24
No,All,7-24
No,All,7-24
No,All,7-24
No,All,7-24
No,All,7-24
No,All,7-24
No,All,7-24
No,All,7-24
No,All,7-24
No,All,7-24
No,All,7-24
Yes,All,7-24
Yes,All,7-24
Yes,All,7-24
Yes,All,7-24
Yes,All,7-24
Yes,All,7-24
Yes,All,7-24
Yes,All,7-24
Yes,All,7-24
Yes,All,7-24
No,All,15-104
No,All,15-104
No,All,15-104
No,All,15-104
No,All,15-104
No,All,15-104
No,All,15-104
No,All,15-104
No,All,15-104
No,All,15-104
No,All,15-104
No,All,15-104
No,All,15-104
No,All,15-104
No,All,15-104
No,All,15-104
No,All,15-104
No,All,15-104
No,All,15-104
No,All,15-104
No,All,15-104
No,All,15-104
No,All,15-104
No,All,15-104
No,All,15-104
No,All,15-104
No,All,15-104
No,All,15-104
No,All,15-104
No,All,15-104
No,All,15-104
No,All,15-104
No,All,15-104
No,All,15-104
No,All,15-104
No,All,15-104
No,All,15-104
No,All,15-104
No,All,16-104
No,All,16-104
No,All,16-104
No,All,16-104
No,All,16-104
No,All,16-104
No,All,16-104
No,All,16-104
No,All,16-104
No,All,16-104
No,All,16-104
No,All,16-104
No,All,6-15
No,All,6-15
No,All,6-15
No,All,6-15
No,All,6-15
No,All,6-15
No,All,6-15
No,All,6-15
No,All,6-15
No,All,6-15
No,All,6-15
No,All,6-15
No,All,6-15
No,All,6-15
No,All,6-15
No,All,6-15
No,All,6-15
Yes,All,6-15
Yes,All,6-15
Yes,All,6-15
Yes,All,6-15
Yes,All,6-15
Yes,All,6-15
Yes,All,6-15
Yes,All,6-15
No,All,7-24
No,All,7-24
No,All,7-24
No,All,7-24
No,All,7-24
No,All,7-24
No,All,7-24
No,All,7-24
No,All,7-24
No,All,7-24
No,All,7-24
No,All,8-104
No,All,8-104
No,All,8-104
No,All,8-104
No,All,8-104
No,All,8-104
No,All,8-104
No,All,8-104
No,All,8-104
No,All,8-104
No,All,8-104
No,All,8-104
Yes,All,8-104
Yes,All,8-104
Yes,All,16-24
Yes,All,16-24
Yes,All,16-24
Yes,All,16-24
Yes,All,16-24
Yes,All,16-24
Yes,All,16-24
Yes,All,16-24
Yes,All,16-24
Yes,All,24-228
Yes,All,24-228
Yes,All,24-228
Yes,All,24-228
Yes,All,24-228
Yes,All,24-228
Yes,All,24-228
Yes,All,24-228
Yes,All,24-228
Yes,All,24-228
Yes,All,24-228
Yes,All,24-228
Yes,All,24-228
Yes,All,24-228
Yes,All,24-228
Yes,All,24-228
Yes,All,24-228
Yes,All,24-228
Yes,All,24-228
Yes,All,24-228
Yes,All,24-228
Yes,All,24-228
Yes,All,113-114
Yes,All,113-116
Yes,All,44-239
Yes,All,24-228
Yes,All,24-228
No,All,116-206
No,All,110-114
No,All,110-114
No,All,110-114
No,All,110-114
No,All,110-114
No,All,110-114
No,All,110-114
No,All,110-114
No,All,110-114
No,All,110-114
No,All,110-114
No,All,110-114
No,All,110-114
No,All,110-114
No,All,110-114
No,All,110-114
No,All,110-114
No,All,110-114
No,All,110-114
No,All,110-114
No,All,110-114
No,All,110-114
No,All,110-114
No,All,110-114
No,All,110-114
No,All,110-114
No,All,110-114
No,All,110-114
No,All,110-114
No,All,110-114
No,All,110-114
Yes,All,110-233
Yes,All,110-233
No,All,113-114
Yes,All,113-114
Yes,All,113-114
Yes,All,113-116
Yes,All,113-116
Yes,All,113-116
Yes,All,113-114
Yes,All,113-114
Yes,All,113-114
Yes,All,113-114
Yes,All,113-114
Yes,All,113-114
Yes,All,113-114
Yes,All,113-114
Yes,All,113-114
Yes,All,113-114
Yes,All,113-114
Yes,All,113-114
Yes,All,113-114
Yes,All,113-114
Yes,All,113-114
Yes,All,113-114
Yes,All,113-114
Yes,All,113-114
Yes,All,113-114
Yes,All,113-114
Yes,All,113-114
Yes,All,113-114
Yes,All,113-114
Yes,All,113-114
Yes,All,113-114
No,All,113-116
Yes,All,113-116
Yes,All,113-116
Yes,All,113-116
Yes,All,113-116
Yes,All,113-116
No,All,114-241
No,All,114-241
No,All,114-241
Yes,All,114-241
Yes,All,114-241
Yes,All,116-206
No,All,116-206
Yes,All,113-116
Yes,All,113-116
Yes,All,113-116
Yes,All,113-116
Yes,All,113-116
No,All,114-241
No,All,114-241
No,All,114-241
No,All,114-241
No,All,114-241
No,All,114-241
No,All,114-241
No,All,114-241
No,All,114-241
No,All,114-241
No,All,114-241
No,All,114-241
No,All,114-241
No,All,114-241
No,All,114-241
No,All,114-241
No,All,114-241
No,All,114-241
No,All,114-241
No,All,114-241
No,All,114-241
No,All,114-241
No,All,114-241
No,All,114-241
No,All,114-241
No,All,114-241
No,All,114-241
No,All,114-241
Yes,All,114-241
Yes,All,114-241
Yes,All,114-241
Yes,All,114-241
Yes,All,114-241
No,All,116-206
No,All,116-206
No,All,116-206
No,All,116-206
No,All,116-206
No,All,116-206
No,All,116-206
No,All,116-206
No,All,116-206
No,All,116-206
No,All,116-206
No,All,116-206
No,All,116-206
No,All,116-206
No,All,116-206
No,All,116-206
No,All,116-206
No,All,116-206
No,All,116-206
No,All,116-206
No,All,116-206
No,All,116-206
No,All,116-206
No,All,116-206
No,All,116-206
No,All,116-206
No,All,116-206
No,All,116-206
No,All,116-206
No,All,116-206
No,All,116-206
No,All,116-206
No,All,116-206
No,All,116-206
No,All,116-206
No,All,116-206
No,All,116-206
No,All,116-206
No,All,116-206
No,All,116-206
No,All,116-206
No,All,116-206
No,All,116-206
No,All,116-206
No,All,116-206
No,All,116-206
No,All,116-206
No,All,116-206
No,All,116-206
No,All,116-206
No,All,116-206
Yes,All,116-206
Yes,All,116-206
Yes,All,116-206
Yes,All,116-206
No,All,232-233 (E)
Yes,All,232-233 (W)
No,All,39-113
Yes,All,44-110
Yes,All,44-110
No,All,44-239
No,All,44-239
No,All,44-239
No,All,44-239
No,All,44-239
No,All,44-239
No,All,44-239
No,All,44-239
No,All,44-239
No,All,44-239
No,All,44-239
No,All,44-239
No,All,44-239
No,All,44-239
No,All,44-239
Yes,All,44-239
Yes,All,44-239
Yes,All,44-239
Yes,All,44-239
Yes,All,44-239
Yes,All,44-239
Yes,All,44-239
Yes,All,44-239
Yes,All,44-239
Yes,All,44-239
Yes,All,44-239
Yes,All,44-239
Yes,All,44-239
Yes,Electric-only,66-209
Yes,Electric-only,66-209
Yes,Electric-only,66-209
Yes,Electric-only,66-209
Yes,Electric-only,66-209
Yes,Electric-only,66-209
No,All,68-116
No,All,68-116
Yes,All,68-116
Yes,All,68-116
Yes,All,68-116
Yes,All,68-116
Yes,All,68-116
No,Electric-only,229-254
No,Electric-only,229-254
No,Electric-only,229-254
No,Electric-only,229-254
No,Electric-only,229-254
No,Electric-only,229-254
No,Electric-only,229-254
No,Electric-only,229-254
No,Electric-only,229-254
No,Electric-only,229-254
No,Electric-only,229-254
No,Electric-only,229-254
No,Electric-only,229-254
No,Electric-only,229-254
No,Electric-only,229-254
No,Electric-only,229-254
No,Electric-only,229-254
No,Electric-only,229-254
No,Electric-only,229-254
No,Electric-only,229-254
No,Electric-only,229-254
No,Electric-only,229-254
No,Electric-only,229-254
No,Electric-only,229-254
No,Electric-only,229-254
No,Electric-only,229-254
No,Electric-only,229-254
No,Electric-only,229-254
No,Electric-only,229-254
No,Electric-only,229-254
No,Electric-only,229-254
No,Electric-only,229-254
No,Electric-only,229-254
No,Electric-only,229-254
No,Electric-only,229-254
No,Electric-only,229-254
No,Electric-only,229-254
No,Electric-only,229-254
No,Electric-only,229-254
No,Electric-only,229-254
No,Electric-only,229-254
No,Electric-only,229-254
No,Electric-only,229-254
No,Electric-only,229-254
No,Electric-only,229-254
No,Electric-only,229-254
No,Electric-only,229-254
No,Electric-only,229-254
No,Electric-only,229-254
No,Electric-only,229-254
No,Electric-only,229-254
No,Electric-only,229-254
No,Electric-only,229-254
No,Electric-only,229-254
No,Electric-only,229-254
No,Electric-only,229-254
No,Electric-only,229-254
No,Electric-only,229-254 (N)
No,Electric-only,229-254 (N)
No,Electric-only,229-254 (N)
No,Electric-only,229-254 (N)
No,Electric-only,229-254 (N)
No,Electric-only,229-254 (N)
No,Underground-only,229-254 (S)
No,Underground-only,229-254 (S)
No,Underground-only,229-254 (S)
No,Underground-only,229-254 (S)
No,Underground-only,229-254 (S)
No,Underground-only,229-254 (S)
No,Underground-only,229-254 (S)
No,Underground-only,229-254 (S)
No,All,50-51
Yes,All,50-51
Yes,All,50-51
Yes,All,50-51
No,All,51-204
No,All,51-204
No,All,51-204
No,All,51-204
No,All,51-204
No,All,51-204
No,All,51-204
No,All,51-204
No,All,51-204
No,All,51-204
No,All,51-204
Yes,All,51-204
No,All,51-205
No,All,51-205
No,All,51-205
No,All,51-205
No,All,51-205
No,All,51-205
Yes,All,51-205
Yes,All,51-205
No,All,112-226
No,All,111-226
No,All,111-226
Yes,All,111-226
Yes,All,111-226
Yes,All,111-226
Yes,All,111-226
Yes,All,111-226
Yes,All,111-226
No,All,112-226
No,All,112-226
No,All,112-226
No,All,112-226
No,All,112-226
No,All,112-226
No,All,112-226
No,All,112-226
No,All,112-226
No,All,112-226
No,All,112-226
No,All,112-226
No,All,112-226
No,All,112-226
No,All,112-226
No,All,112-226
No,All,17-35
Yes,All,17-35
Yes,All,17-35
Yes,All,17-35
Yes,All,17-35
Yes,All,17-35
Yes,All,17-35
Yes,All,17-35
Yes,All,17-35
Yes,All,17-35
Yes,All,256-257
Yes,All,256-257
No,All,29-36
No,All,29-36
No,All,29-36
No,All,29-36
No,All,29-36
No,All,29-36
No,All,29-36
No,All,29-36
No,All,29-36
No,All,29-36
No,All,29-36
No,All,29-36
No,All,29-36
No,All,29-36
No,All,29-36
No,All,29-36
No,All,29-36
No,All,29-36
No,All,29-36
No,All,29-36
No,All,29-36
No,All,29-36
No,All,29-36
Yes,All,35-111
Yes,All,35-111
Yes,All,35-111
Yes,All,35-111
Yes,All,35-111
Yes,All,35-111
Yes,All,35-111
Yes,All,35-111
No,All,35-43
No,All,35-43
No,All,35-43
No,All,35-43
No,All,35-43
No,All,35-43
No,All,35-43
No,All,35-43
No,All,35-43
No,All,36-112
No,All,36-112
No,All,36-112
No,All,36-112
No,All,36-112
No,All,36-112
No,All,36-112
No,All,36-112
No,All,36-112
No,All,36-112
No,All,36-226
No,All,36-226
No,All,36-226
No,All,36-226
No,All,36-226
No,All,36-226
No,All,36-226
No,All,36-226
No,All,36-226
No,All,36-226
No,All,36-226
No,All,36-226
Yes,All,50-51
No,All,36-228
No,All,36-228
No,All,36-228
No,All,36-228
No,All,36-228
No,All,36-228
No,All,36-228
No,All,36-228
No,All,36-228
No,All,36-228
No,All,36-228
No,All,36-228
No,All,36-228
No,All,36-228
No,All,36-228
No,All,36-228
No,All,36-228
No,All,36-228
No,All,36-228
No,All,36-228
No,All,36-228
No,All,36-228
No,All,36-228
No,All,36-228
No,All,36-228
No,All,36-228
No,All,36-228
No,All,36-228
No,All,36-228
Yes,All,43-111
Yes,All,43-111
Yes,All,43-111
Yes,All,43-111
Yes,All,43-111
Yes,All,43-111
Yes,All,43-111
Yes,All,43-111
Yes,All,43-111
Yes,All,43-111
Yes,All,43-111
Yes,All,43-44
Yes,All,43-44
No,All,49-112
No,All,49-112
No,All,49-112
No,All,49-112
No,All,49-112
No,All,49-112
No,All,49-112
No,All,49-112
No,All,49-112
No,All,49-202
No,All,49-202
No,All,49-202
No,All,49-202
No,All,49-202
No,All,49-202
No,All,49-202
No,All,49-202
No,All,49-202
No,All,49-202
No,All,49-202
No,All,49-202
No,All,50-203
No,All,50-203
No,All,50-203
No,All,50-203
No,All,50-203
No,All,50-203
No,All,50-203
No,All,50-203
No,All,50-203
No,All,50-203
No,All,50-203
No,All,50-203
No,All,50-203
No,All,50-203
No,All,50-203
No,All,50-203
No,All,50-203
No,All,50-203
No,All,50-203
No,All,50-203
No,All,50-203
No,All,50-203
No,All,50-203
No,All,50-203
Yes,All,50-51
No,All,50-203
No,All,50-203
Yes,All,50-203
Yes,All,50-203
Yes,All,50-203
Yes,All,50-203
Yes,All,50-203
Yes,All,50-203
Yes,All,50-203
Yes,All,50-203
Yes,All,50-203
Yes,All,50-203
Yes,All,50-203
Yes,All,50-203
Yes,All,50-203
Yes,All,50-51
Yes,All,50-51
Yes,All,50-51
Yes,All,50-51
Yes,All,50-51
Yes,All,50-51
No,Electric-only,10-246
No,Electric-only,10-246
No,Electric-only,10-246
No,Electric-only,10-246
No,Electric-only,10-246
No,Electric-only,10-246
No,Electric-only,10-246
No,Electric-only,10-246
No,Electric-only,10-246
No,Electric-only,10-246
No,All,101-263
No,All,101-263
No,All,101-263
No,All,101-263
No,All,101-263
No,All,101-263
No,All,101-263
No,All,101-263
No,All,101-263
Yes,All,101-263
Yes,All,101-263
Yes,All,101-263
Yes,All,101-263
Yes,All,101-263
Yes,All,101-263
Yes,All,101-263
Yes,All,11-103
Yes,All,11-103
Yes,All,11-103
Yes,All,11-228
Yes,All,11-228
Yes,All,11-228
Yes,All,4-247
Yes,All,4-247
Yes,All,4-247
Yes,All,4-247
Yes,All,4-247
Yes,All,4-247
Yes,All,4-247
Yes,All,4-247
Yes,All,4-247
Yes,All,4-247
Yes,All,4-247
Yes,All,4-247
Yes,All,4-247
Yes,All,4-247
No,All,230-248
No,All,230-248
No,Electric-only,261-262
Yes,All,3-8
No,All,261-262
No,Electric-only,261-262
No,Electric-only,261-262
No,Electric-only,261-262
No,Electric-only,261-262
No,Electric-only,261-262
No,Electric-only,261-262
No,Electric-only,261-262
No,Electric-only,261-262
No,Electric-only,261-262
No,Electric-only,261-262
No,Electric-only,261-262
No,Electric-only,261-262
No,Electric-only,261-262
No,Electric-only,261-262
No,Electric-only,261-262
No,Electric-only,261-262
No,Electric-only,261-262
No,Electric-only,261-262
No,Electric-only,261-262
No,All,3-8
No,All,3-8
No,All,3-8
No,All,3-8
No,All,3-8
No,All,3-8
No,All,3-8
No,All,3-8
Yes,All,3-8
Yes,All,3-8
Yes,All,3-8
Yes,All,3-8
Yes,All,4-247
Yes,All,4-247
Yes,All,4-247
Yes,All,4-247
Yes,All,4-247
Yes,All,4-247
Yes,All,4-247
Yes,All,4-247
Yes,All,4-247
Yes,All,4-247
Yes,All,4-247
Yes,All,4-247
Yes,All,4-247
Yes,All,4-247
Yes,All,4-247
Yes,All,4-247
Yes,All,4-247
Yes,All,4-247
Yes,All,4-247
Yes,All,4-247
Yes,All,4-247
Yes,All,4-247
Yes,All,4-247
Yes,All,4-247
Yes,All,4-247
Yes,All,4-247
Yes,All,4-247
Yes,All,4-247
Yes,All,4-247
Yes,All,4-247
Yes,All,4-247
Yes,All,4-247
No,All,5-201
No,All,5-201
No,All,5-201
No,All,5-201
No,All,5-201
No,All,5-201
No,All,5-201
No,All,5-201
No,All,5-201
No,All,5-201
No,All,5-201
No,All,7-11
No,All,7-11
No,All,7-11
No,All,7-11
No,All,7-11
No,All,7-11
No,All,7-11
No,All,7-11
No,All,7-11
No,All,7-11
No,All,7-11
No,All,7-11
No,All,7-11
No,All,7-11
No,All,7-11
Yes,All,7-11
Yes,All,7-11
Yes,All,7-11
Yes,All,7-11
Yes,All,7-11
Yes,All,7-11
Yes,All,7-11
Yes,All,7-11
Yes,All,7-11
Yes,All,7-11
Yes,All,7-11
Yes,All,7-11
Yes,All,7-11
Yes,All,7-11
Yes,All,7-11
Yes,All,7-11
Yes,All,7-11
Yes,All,7-11
Yes,All,7-11
Yes,All,7-11
Yes,All,7-11
Yes,All,7-11
No,All,7-24
No,All,7-24
No,All,7-24
No,All,7-24
No,All,7-24
Yes,All,7-24
No,All,7-8
No,All,7-8
No,All,7-8
No,All,7-8
Yes,All,7-8
Yes,All,7-8
Yes,All,7-8
Yes,All,8-104
Yes,All,8-104
Yes,All,8-104
No,Electric-only,115-238
No,Electric-only,115-238
No,Electric-only,115-238
No,Electric-only,115-238
No,Electric-only,115-238
No,Electric-only,115-238
No,Electric-only,115-238
No,Electric-only,115-238
No,Electric-only,115-238
No,Electric-only,115-238
No,Electric-only,115-238
No,Electric-only,115-238
No,Electric-only,115-238
No,Electric-only,115-238
No,Electric-only,115-238
No,Electric-only,115-238
No,Electric-only,115-238
No,Electric-only,115-238
No,Electric-only,115-238
No,Electric-only,115-238
No,Electric-only,115-238
No,Electric-only,115-238
No,Electric-only,115-238
No,Electric-only,115-238
No,Electric-only,115-238
Yes,All,27-225
Yes,All,27-225
Yes,All,27-225
Yes,All,27-225
Yes,All,27-225
Yes,All,27-225
Yes,All,27-225
Yes,All,27-225
Yes,All,27-225
Yes,All,27-225
Yes,All,27-225
Yes,All,27-225
Yes,All,27-266
Yes,All,27-266
Yes,All,27-266
Yes,All,27-266
Yes,All,27-266
Yes,All,27-266
Yes,All,27-266
Yes,All,27-266
Yes,All,27-266
Yes,All,27-266
Yes,All,27-266
Yes,All,27-266
Yes,All,27-266
Yes,All,27-266
Yes,All,27-266
Yes,All,27-266
Yes,All,27-266
Yes,All,27-41
Yes,All,27-41
Yes,All,27-41
Yes,All,27-41
Yes,All,27-41
Yes,All,27-41
Yes,Electric-only,107-268
Yes,Electric-only,107-268
Yes,Electric-only,107-268
Yes,Electric-only,107-268
Yes,Electric-only,107-268
Yes,Electric-only,107-268
Yes,All,108-267
Yes,All,108-267
Yes,All,108-267
Yes,All,23-25
Yes,All,23-25
Yes,All,23-25
Yes,All,23-25
Yes,All,23-25
Yes,All,23-25
Yes,All,23-25
Yes,All,23-25
Yes,All,23-25
Yes,All,23-25
Yes,Electric-only,236-237
Yes,All,23-25
Yes,Electric-only,236-237
Yes,Electric-only,264-265
Yes,Electric-only,264-265
Yes,Electric-only,264-265
Yes,Electric-only,264-265
Yes,Electric-only,264-265
No,All,17-35
No,All,17-35
No,All,17-35
No,All,17-35
No,All,17-35
No,All,17-35
No,All,17-35
No,All,17-35
No,All,17-35
No,All,17-35
Yes,All,17-35
Yes,All,17-35
Yes,All,17-35
Yes,All,17-35
Yes,All,17-35
Yes,All,17-35
Yes,All,17-35
Yes,All,17-35
Yes,All,17-35
Yes,All,17-35
Yes,All,17-35
Yes,All,17-35
Yes,All,17-35
Yes,All,17-35
Yes,All,17-35
Yes,All,17-35
Yes,All,17-35
Yes,All,17-35
Yes,All,17-35
Yes,All,17-35
Yes,All,17-35
Yes,All,17-35
Yes,All,17-35
Yes,All,17-35
Yes,All,17-35
Yes,All,17-35
Yes,All,17-35
Yes,All,17-35
Yes,All,17-35
Yes,All,17-35
Yes,All,17-35
Yes,All,17-35
Yes,All,17-35
Yes,All,17-35
Yes,All,17-35
Yes,All,17-35
Yes,All,17-35
Yes,All,17-35
Yes,All,17-35
Yes,All,17-35
Yes,All,17-35
Yes,All,17-35
Yes,All,17-35
Yes,All,17-35
Yes,All,17-35
Yes,All,17-35
Yes,All,17-35
Yes,All,17-35
No,All,18-224
No,All,18-224
No,All,18-224
No,All,18-224
No,All,18-23
No,All,18-224
No,All,18-23
No,All,18-23
No,All,18-23
No,All,18-23
No,All,18-23
Yes,All,18-23
No,All,18-224
No,All,18-224
No,All,18-224
Yes,All,18-224
Yes,All,18-224
Yes,All,18-224
No,All,18-23
No,All,18-23
No,All,18-23
No,All,18-23
No,All,18-23
No,All,18-23
No,All,18-23
No,All,18-23
No,All,18-23
No,All,18-23
No,All,18-23
No,All,18-23
No,All,18-23
No,All,18-23
No,All,18-23
No,All,18-23
No,All,18-23
No,All,18-23
Yes,All,23-25
No,All,18-23
No,All,18-23
No,All,18-23
No,All,18-23
No,All,18-23
No,All,18-23
No,All,18-23
No,All,18-23
No,All,18-23
No,All,18-23
Yes,All,18-23
Yes,All,18-23
Yes,All,18-23
Yes,All,18-23
Yes,All,18-23
Yes,All,18-23
Yes,All,18-23
Yes,All,18-23
No,All,223-224
No,All,223-224
No,All,223-224
No,All,224-225
No,All,225-231
Yes,All,23-106
Yes,All,23-25
Yes,All,23-106
Yes,All,23-106
Yes,All,23-106
Yes,All,23-106
Yes,All,23-106
Yes,All,23-106
Yes,All,23-25
Yes,All,23-25
Yes,All,23-106
Yes,All,23-25
Yes,All,23-25
Yes,All,23-25
Yes,All,23-25
Yes,All,23-106
Yes,All,23-106
Yes,All,23-106
Yes,All,23-106
Yes,All,23-25
Yes,All,23-25
Yes,All,23-25
Yes,All,23-25
Yes,All,23-25
Yes,All,23-25
Yes,All,23-25
Yes,All,23-25
Yes,All,23-106
Yes,All,23-106
Yes,All,23-106
Yes,All,23-106
Yes,All,23-106
Yes,All,23-106
Yes,All,23-106
Yes,All,23-106
Yes,All,23-106
Yes,All,23-106
Yes,All,23-25
Yes,All,23-25
Yes,All,23-25
Yes,All,23-106
Yes,All,23-106
Yes,All,23-106
Yes,All,23-25
Yes,All,23-25
No,All,27-225
Yes,All,27-225
Yes,All,27-225
Yes,All,27-225
Yes,All,27-225
Yes,All,27-225
Yes,All,27-225
Yes,All,27-225
No,All,37-223 (N)
No,All,37-223 (S)
No,All,37-223 (S)
No,Underground-only,37-223 (S)
No,Underground-only,37-223 (S)
No,Underground-only,37-223 (S)
No,Underground-only,37-223 (S)
No,Underground-only,37-223 (S)
No,All,37-232
Yes,All,37-232
No,All,37-39
No,All,39-113
No,All,39-113
No,All,39-113
No,All,39-231
No,All,39-231
No,All,39-231
No,All,39-231
No,All,39-231
No,All,39-231
Yes,All,43-44
Yes,All,43-44
Yes,All,44-110
Yes,All,44-110
Yes,All,44-110
Yes,All,44-110
Yes,All,44-110
Yes,All,44-110
Yes,All,44-110
Yes,All,44-110
Yes,All,44-110
Yes,All,44-110
Yes,All,44-110
Yes,All,44-110
Yes,All,44-110
Yes,All,44-110
Yes,All,44-110
Yes,All,44-239
Yes,All,47-231
Yes,All,47-231
Yes,All,47-231
Yes,Electric-only,47-231
No,All,11-228
No,All,11-228
No,All,11-228
No,All,11-228
No,All,11-228
No,All,11-228
Yes,All,11-228
Yes,All,11-228
Yes,All,11-228
Yes,All,11-228
Yes,All,11-228
Yes,All,11-228
Yes,All,11-228
Yes,All,11-228
Yes,All,11-228
Yes,All,11-228
Yes,All,11-228
Yes,All,11-228
Yes,All,11-228
Yes,All,11-228
Yes,All,11-228
Yes,All,11-228
Yes,All,11-228
Yes,All,11-228
Yes,All,11-228
Yes,All,11-228
Yes,All,11-228
Yes,All,11-228
Yes,All,11-228
Yes,All,11-228
Yes,All,11-228
Yes,All,11-228
Yes,All,11-228
Yes,All,11-228
Yes,All,11-228
Yes,All,11-228
Yes,All,11-228
Yes,All,11-228
Yes,All,11-228
Yes,All,11-228
Yes,All,11-228
Yes,All,11-228
Yes,All,11-228
Yes,All,11-228
Yes,All,11-228
Yes,All,11-228
Yes,All,11-228
No,All,24-228
No,All,24-228
No,All,24-228
No,All,24-228
No,All,24-228
No,All,24-228
Yes,All,24-228
No,All,250-251
No,All,250-251
No,All,250-251
No,All,250-251
No,All,250-251
No,All,250-251
No,All,250-251
No,All,250-251
No,All,250-251
No,All,250-251
No,All,250-251
No,All,250-251
No,All,250-251
No,All,250-251
No,All,250-251
No,All,250-251
No,All,250-251
No,All,250-251
No,All,250-251
No,All,250-251
No,All,36-228
No,All,36-228
No,All,102-105
No,All,102-105
Yes,"Elec-only, Upgr-only",102-105
Yes,"Elec-only, Upgr-only",102-105
Yes,"Elec-only, Upgr-only",102-105
Yes,"Elec-only, Upgr-only",102-105
Yes,"Elec-only, Upgr-only",102-105
Yes,"Elec-only, Upgr-only",102-105
Yes,"Elec-only, Upgr-only",102-105
Yes,"Elec-only, Upgr-only",102-105
Yes,"Elec-only, Upgr-only",102-105
No,All,229-254
Yes,"Elec-only, Upgr-only",102-105
Yes,"Elec-only, Upgr-only",102-105
Yes,"Elec-only, Upgr-only",102-105
Yes,"Elec-only, Upgr-only",102-105
Yes,"Elec-only, Upgr-only",102-105
Yes,"Elec-only, Upgr-only",102-105
Yes,"Elec-only, Upgr-only",102-105
Yes,"Elec-only, Upgr-only",102-105
Yes,"Elec-only, Upgr-only",102-105
Yes,"Elec-only, Upgr-only",102-105
Yes,"Elec-only, Upgr-only",102-105
Yes,"Elec-only, Upgr-only",102-105
Yes,"Elec-only, Upgr-only",102-105
Yes,"Elec-only, Upgr-only",102-105
Yes,"Elec-only, Upgr-only",102-105
Yes,"Elec-only, Upgr-only",102-105
Yes,"Elec-only, Upgr-only",102-105
Yes,"Elec-only, Upgr-only",102-105
Yes,"Elec-only, Upgr-only",102-105
Yes,"Elec-only, Upgr-only",102-105
Yes,"Elec-only, Upgr-only",102-105
Yes,"Elec-only, Upgr-only",102-105
Yes,"Elec-only, Upgr-only",102-105
No,All,244-245
No,All,229-254
No,All,229-254
No,All,229-254
No,All,229-254
No,All,229-254
No,All,229-254
No,All,229-254
No,All,229-254
No,All,229-254
No,All,229-254
No,All,229-254
No,All,229-254
No,All,229-254
No,All,229-254
No,All,229-254
No,All,229-254
No,All,229-254
No,All,229-254
No,All,229-254
No,All,229-254
No,Underground-only,229-254 (S)
No,Electric-only,229-254 (N)
No,Electric-only,229-254 (N)
No,Electric-only,229-254 (N)
No,Electric-only,229-254 (N)
No,Electric-only,229-254 (N)
No,Underground-only,229-254 (S)
No,Underground-only,229-254 (S)
No,Underground-only,229-254 (S)
No,Underground-only,229-254 (S)
No,Underground-only,229-254 (S)
No,Underground-only,229-254 (S)
No,Underground-only,229-254 (S)
No,Underground-only,229-254 (S)
No,Underground-only,229-254 (S)
No,Underground-only,229-254 (S)
No,Underground-only,229-254 (S)
No,Underground-only,229-254 (S)
No,Underground-only,229-254 (S)
No,Underground-only,229-254 (S)
No,Underground-only,229-254 (S)
No,All,244-245
No,All,244-245
No,All,244-245
No,All,244-245
No,All,244-245
No,All,244-245
