State Office,District,Field Office,Sub Office,DO Code,FO Code,State,Acres
California,N/A,Hollister,N/A,CA190,N/A,California,674.01755148694
California,N/A,Hollister,N/A,CA190,N/A,California,332.24497500150
California,California Desert,Ridgecrest,N/A,CA600,CA6508,Nevada,35.55346757639
California,N/A,Bakersfield,N/A,CA160,N/A,California,429.39350049683
Nevada,N/A,Ely,N/A,NV040,N/A,Nevada,81.47870513142
California,California Desert,Ridgecrest,N/A,CA600,CA6508,California,62.84106791675
Nevada,N/A,Ely,N/A,NV040,N/A,Nevada,469.43503421836
Nevada,N/A,Battle Mountain,N/A,NV060,N/A,Nevada,1108.93709358313
California,California Desert,Ridgecrest,N/A,CA600,CA6508,California,421.19278731672
California,N/A,Bakersfield,N/A,CA160,N/A,California,1209.35258277029
California,California Desert,Ridgecrest,N/A,CA600,CA6508,California,12.62598768921
California,California Desert,Ridgecrest,N/A,CA600,CA6508,Nevada,17.73284347494
California,N/A,Bakersfield,N/A,CA160,N/A,California,757.65119399715
California,N/A,Bakersfield,N/A,CA160,N/A,California,21.84580787079
California,N/A,Bakersfield,N/A,CA160,N/A,California,50.65513541458
California,N/A,Bakersfield,N/A,CA160,N/A,California,38.19069099149
California,N/A,Bakersfield,N/A,CA160,N/A,California,36.14646365329
California,N/A,Bishop,N/A,CA170,N/A,California,12905.83245228748
California,California Desert,El Centro,N/A,CA600,CA6708,California,2077.14042544473
Nevada,N/A,Battle Mountain,N/A,NV060,N/A,Nevada,269.88732086815
Nevada,N/A,Battle Mountain,N/A,NV060,N/A,Nevada,169.32642317713
Nevada,N/A,Battle Mountain,N/A,NV060,N/A,Nevada,139366.30108665628
Nevada,N/A,Battle Mountain,N/A,NV060,N/A,Nevada,19007.92481933295
Nevada,N/A,Battle Mountain,N/A,NV060,N/A,Nevada,63841.20077100972
California,California Desert,Barstow,N/A,CA600,CA6808,California,3.17397227835
California,California Desert,Barstow,N/A,CA600,CA6808,California,24.06025422538
California,California Desert,Barstow,N/A,CA600,CA6808,Nevada,69.52701529221
California,California Desert,Barstow,N/A,CA600,CA6808,Nevada,120.56953222713
California,California Desert,El Centro,N/A,CA600,CA6708,California,5182.91824706337
California,California Desert,Barstow,N/A,CA600,CA6808,California,669.07171895944
California,California Desert,Barstow,N/A,CA600,CA6808,California,629.57597880595
California,California Desert,Barstow,N/A,CA600,CA6808,California,634.68282236326
California,California Desert,Ridgecrest,N/A,CA600,CA6508,California,811.10317733483
California,California Desert,Barstow,N/A,CA600,CA6808,California,616.79893847683
California,California Desert,Barstow,N/A,CA600,CA6808,California,1236.97807779586
Nevada,N/A,Battle Mountain,N/A,NV060,N/A,Nevada,115496.20825449485
Nevada,N/A,Battle Mountain,N/A,NV060,N/A,Nevada,34642.93529541473
California,California Desert,El Centro,N/A,CA600,CA6708,California,3811.99111743145
California,California Desert,El Centro,N/A,CA600,CA6708,California,157.09218289519
California,California Desert,Ridgecrest,N/A,CA600,CA6508,California,10179.53645548047
California,California Desert,Ridgecrest,N/A,CA600,CA6508,California,672.54619101660
California,California Desert,Ridgecrest,N/A,CA600,CA6508,California,70.15317260138
California,California Desert,Ridgecrest,N/A,CA600,CA6508,Nevada,1.97530431728
California,California Desert,El Centro,N/A,CA600,CA6708,California,980.73105205875
California,N/A,Bakersfield,N/A,CA160,N/A,California,3441.28831478972
California,N/A,Bishop,N/A,CA170,N/A,California,1873.13993425744
California,N/A,Bishop,N/A,CA170,N/A,California,12389.42922762957
California,N/A,Bishop,N/A,CA170,N/A,California,1.25573853136
California,N/A,Bishop,N/A,CA170,N/A,California,6438.20405356704
California,N/A,Bishop,N/A,CA170,N/A,California,11.93063254148
California,N/A,Bishop,N/A,CA170,N/A,California,9.60654091753
California,California Desert,El Centro,N/A,CA600,CA6708,California,451.50286122499
California,N/A,Bishop,N/A,CA170,N/A,California,2165.63361671017
California,California Desert,El Centro,N/A,CA600,CA6708,California,123.57568250474
Nevada,N/A,Ely,N/A,NV040,N/A,Nevada,5358.05736336324
California,California Desert,El Centro,N/A,CA600,CA6708,California,680.41680235136
Nevada,N/A,Ely,N/A,NV040,N/A,Nevada,9992.73453816426
Nevada,N/A,Ely,N/A,NV040,N/A,Nevada,36755.22803487162
Nevada,N/A,Battle Mountain,N/A,NV060,N/A,Nevada,8.59901474218
California,California Desert,Needles,N/A,CA600,CA6908,California,38.56037722585
California,California Desert,Needles,N/A,CA600,CA6908,California,4.08671665913
Nevada,N/A,Ely,N/A,NV040,N/A,Nevada,31031.03017642952
California,California Desert,El Centro,N/A,CA600,CA6708,California,28.55124646013
California,California Desert,El Centro,N/A,CA600,CA6708,California,7.68706266935
California,California Desert,El Centro,N/A,CA600,CA6708,California,15.29319794550
California,California Desert,Needles,N/A,CA600,CA6908,California,4.57975947443
California,California Desert,Palm Springs-South Coast,N/A,CA600,CA6608,California,375.12530710132
California,California Desert,Palm Springs-South Coast,N/A,CA600,CA6608,California,2144.93604649183
California,California Desert,Palm Springs-South Coast,N/A,CA600,CA6608,California,5.07702055932
California,California Desert,Ridgecrest,N/A,CA600,CA6508,California,47.37596818908
California,California Desert,Ridgecrest,N/A,CA600,CA6508,California,141.37816114710
Nevada,N/A,Battle Mountain,N/A,NV060,N/A,Nevada,429.24650909274
Nevada,N/A,Battle Mountain,N/A,NV060,N/A,Nevada,43923.30626670725
Idaho,Boise,Owyhee,N/A,ID100,ID1300,Oregon,56.93939916832
California,California Desert,Ridgecrest,N/A,CA600,CA6508,California,66.10521736879
California,California Desert,Ridgecrest,N/A,CA600,CA6508,California,51.32775277930
California,California Desert,Ridgecrest,N/A,CA600,CA6508,California,298.39803680696
California,California Desert,Ridgecrest,N/A,CA600,CA6508,California,167.04952564896
California,California Desert,Ridgecrest,N/A,CA600,CA6508,California,28.86951446929
California,California Desert,Ridgecrest,N/A,CA600,CA6508,California,26.09578291677
California,N/A,Bishop,N/A,CA170,N/A,California,9304.31189366395
California,N/A,Bishop,N/A,CA170,N/A,California,215.18277572475
Nevada,N/A,Ely,N/A,NV040,N/A,Nevada,323.87866665165
California,N/A,Bishop,N/A,CA170,N/A,California,5475.05700143849
California,N/A,Bishop,N/A,CA170,N/A,California,70.18891146058
California,N/A,Bishop,N/A,CA170,N/A,California,2.88482130467
California,N/A,Bishop,N/A,CA170,N/A,California,455.75325246718
Nevada,N/A,Battle Mountain,N/A,NV060,N/A,Nevada,340.97167758037
Idaho,Twin Falls,Shoshone,N/A,ID200,ID2300,Idaho,3.90961571901
California,N/A,Bakersfield,N/A,CA160,N/A,California,15827.70090750502
California,N/A,Bakersfield,N/A,CA160,N/A,California,120.09325600307
Nevada,N/A,Las Vegas,N/A,NV050,N/A,Nevada,6.55368797111
Nevada,N/A,Battle Mountain,N/A,NV060,N/A,Nevada,148.97143930949
California,N/A,Folsom,N/A,CA180,N/A,California,5.73261939238
California,N/A,Arcata,N/A,CA330,N/A,California,162.20759670860
California,N/A,Bakersfield,N/A,CA160,N/A,California,4623.04732845972
California,N/A,Bakersfield,N/A,CA160,N/A,California,8.86796044766
Nevada,N/A,Battle Mountain,N/A,NV060,N/A,Nevada,41524.26602779546
California,N/A,Bishop,N/A,CA170,N/A,California,7611.30930451697
California,N/A,Bishop,N/A,CA170,N/A,California,16.69678036755
Nevada,N/A,Las Vegas,N/A,NV050,N/A,Nevada,294.93324410517
Oregon/Washington,Vale,Baker,N/A,OR030,OR0358,Oregon,142.68890878413
California,N/A,Bishop,N/A,CA170,N/A,California,7042.37350468184
California,N/A,Bishop,N/A,CA170,N/A,California,8306.29137251313
Nevada,N/A,Las Vegas,N/A,NV050,N/A,Nevada,37.13063821144
Idaho,Twin Falls,Shoshone,N/A,ID200,ID2300,Idaho,7.80480708922
California,N/A,Bishop,N/A,CA170,N/A,California,363.20801710840
California,N/A,Bishop,N/A,CA170,N/A,California,1.94681669098
California,N/A,Bishop,N/A,CA170,N/A,California,362.84411396864
California,N/A,Bishop,N/A,CA170,N/A,California,999.03226214863
California,N/A,Bishop,N/A,CA170,N/A,California,700.08096868630
Idaho,Twin Falls,Shoshone,N/A,ID200,ID2300,Idaho,3611.10468640063
California,N/A,Bishop,N/A,CA170,N/A,California,6447.23323919905
California,N/A,Bishop,N/A,CA170,N/A,California,23.35557111663
California,N/A,Bishop,N/A,CA170,N/A,California,2042.97199443751
California,N/A,Hollister,N/A,CA190,N/A,California,2340.39397641290
California,N/A,Hollister,N/A,CA190,N/A,California,1007.93474587186
Nevada,N/A,Las Vegas,N/A,NV050,N/A,Nevada,3958.17349120076
Nevada,N/A,Las Vegas,N/A,NV050,N/A,Nevada,386.81311120334
Nevada,N/A,Las Vegas,N/A,NV050,N/A,Nevada,5.23728939056
Nevada,N/A,Las Vegas,N/A,NV050,N/A,Nevada,42.22507413375
Nevada,N/A,Las Vegas,N/A,NV050,N/A,Nevada,345.14116665463
Nevada,N/A,Las Vegas,N/A,NV050,N/A,Nevada,1213.99611963314
Nevada,N/A,Las Vegas,N/A,NV050,N/A,Nevada,2992.41171986972
Nevada,N/A,Las Vegas,N/A,NV050,N/A,Nevada,15.10250977076
Nevada,N/A,Battle Mountain,N/A,NV060,N/A,Nevada,2047.69109580985
California,N/A,Bishop,N/A,CA170,N/A,California,5313.97437838667
California,N/A,Hollister,N/A,CA190,N/A,California,6591.04770619357
California,N/A,Hollister,N/A,CA190,N/A,California,1487.90812808330
Nevada,N/A,Battle Mountain,N/A,NV060,N/A,Nevada,1195.97062122100
Nevada,N/A,Battle Mountain,N/A,NV060,N/A,Nevada,17202.02426755854
Nevada,N/A,Battle Mountain,N/A,NV060,N/A,Nevada,2059.26394228679
Nevada,N/A,Carson City,N/A,NV030,N/A,Nevada,80528.79873427011
Nevada,Carson City,Carson City,N/A,NV030,N/A,California,2467.37747626457
Nevada,Carson City,Carson City,N/A,NV030,N/A,California,492.52285359393
Nevada,N/A,Battle Mountain,N/A,NV060,N/A,Nevada,3636.44817659528
Nevada,N/A,Battle Mountain,N/A,NV060,N/A,Nevada,84954.23161162851
California,N/A,Bakersfield,N/A,CA160,N/A,California,1404.06615048585
California,N/A,Bakersfield,N/A,CA160,N/A,California,17608.03961995901
California,N/A,Bishop,N/A,CA170,N/A,California,16215.77630245343
California,N/A,Bishop,N/A,CA170,N/A,California,23579.84092286550
Nevada,N/A,Battle Mountain,N/A,NV060,N/A,Nevada,3.38804379190
Nevada,N/A,Battle Mountain,N/A,NV060,N/A,Nevada,7.36061228109
Nevada,N/A,Battle Mountain,N/A,NV060,N/A,Nevada,69492.68641854523
Nevada,N/A,Carson City,N/A,NV030,N/A,California,105.01847800512
Nevada,N/A,Carson City,N/A,NV030,N/A,California,10.87898002381
Nevada,N/A,Carson City,N/A,NV030,N/A,Nevada,9.41282511768
California,California Desert,Barstow,N/A,CA600,CA6808,California,95886.12784865921
California,California Desert,Barstow,N/A,CA600,CA6808,California,40052.64439970245
California,California Desert,Barstow,N/A,CA600,CA6808,California,111837.79698245465
California,California Desert,Barstow,N/A,CA600,CA6808,California,100132.53549844718
Oregon/Washington,Prineville,Deschutes,N/A,OR050,OR0568,Oregon,66.95807233475
Oregon/Washington,Vale,Jordan,N/A,OR030,OR0368,Oregon,27.98103155176
California,California Desert,Palm Springs-South Coast,N/A,CA600,CA6608,California,11152.92320431526
California,N/A,Bakersfield,N/A,CA160,N/A,California,14817.32347761188
California,N/A,Bakersfield,N/A,CA160,N/A,California,40522.56779812429
California,N/A,Folsom,N/A,CA180,N/A,California,42.51970289265
California,N/A,Surprise,N/A,CA370,N/A,California,612.73320499162
California,N/A,Bishop,N/A,CA170,N/A,California,12094.52492975614
California,N/A,Bishop,N/A,CA170,N/A,California,53999.68652441460
California,N/A,Bishop,N/A,CA170,N/A,California,19740.46573821374
Oregon/Washington,Prineville,Deschutes,N/A,OR050,OR0568,Oregon,2.09821810200
Idaho,Twin Falls,Shoshone,N/A,ID200,ID2300,Idaho,5.11822482601
California,N/A,Bishop,N/A,CA170,N/A,California,14668.20155094940
Idaho,Boise,Bruneau,N/A,ID100,ID1200,Idaho,4806.38318473365
Idaho,Twin Falls,Shoshone,N/A,ID200,ID2300,Idaho,1.83119910553
California,N/A,Hollister,N/A,CA190,N/A,California,11164.40907891510
Nevada,N/A,Battle Mountain,N/A,NV060,N/A,Nevada,68115.11207030315
California,N/A,Bishop,N/A,CA170,N/A,California,3593.02038280971
Nevada,N/A,Battle Mountain,N/A,NV060,N/A,Nevada,4629.75924400411
Nevada,N/A,Carson City,N/A,NV030,N/A,Nevada,43616.59118203977
Nevada,N/A,Carson City,N/A,NV030,N/A,Nevada,12711.84596165165
California,N/A,Eagle Lake,N/A,CA350,N/A,California,20202.75157912321
California,N/A,Eagle Lake,N/A,CA350,N/A,California,46413.63319730404
California,N/A,Eagle Lake,N/A,CA350,N/A,California,18415.34712141153
Nevada,N/A,Winnemucca,N/A,NV020,N/A,Nevada,68882.05267769984
Nevada,N/A,Winnemucca,N/A,NV020,N/A,Nevada,25185.77570152733
Nevada,N/A,Winnemucca,N/A,NV020,N/A,Nevada,77387.63021180083
California,N/A,Arcata,N/A,CA330,N/A,California,1.59141237766
Idaho,Twin Falls,Shoshone,N/A,ID200,ID2300,Idaho,2.33355509967
California,N/A,Ukiah,N/A,CA340,N/A,California,6833.79140902116
Nevada,N/A,Battle Mountain,N/A,NV060,N/A,Nevada,2736.89614602494
Nevada,N/A,Winnemucca,N/A,NV020,N/A,Nevada,31948.77146042836
Nevada,N/A,Winnemucca,N/A,NV020,N/A,Nevada,75066.78105066603
Oregon/Washington,Prineville,Central Oregon,N/A,OR050,OR0548,Oregon,210.26610160937
Nevada,N/A,Winnemucca,N/A,NV020,N/A,Nevada,10199.47074002905
Nevada,N/A,Winnemucca,N/A,NV020,N/A,Nevada,24800.45557663975
California,N/A,Eagle Lake,N/A,CA350,N/A,Nevada,107186.76214849955
California,N/A,Eagle Lake,N/A,CA350,N/A,Nevada,38410.24725760622
Oregon/Washington,Vale,Jordan,N/A,OR030,OR0368,Oregon,30.10291125254
Oregon/Washington,Vale,Jordan,N/A,OR030,OR0368,Oregon,1.33178944087
Nevada,N/A,Winnemucca,N/A,NV020,N/A,Nevada,13125.19381779146
California,N/A,Eagle Lake,N/A,CA350,N/A,California,61587.27426050066
Idaho,Boise,Owyhee,N/A,ID100,ID1300,Oregon,1630.81277479890
Idaho,Twin Falls,Jarbridge,N/A,ID200,ID2100,Idaho,28169.91850875468
Idaho,Twin Falls,Jarbridge,N/A,ID200,ID2100,Idaho,64364.32387249439
Oregon/Washington,Burns,Andrews,N/A,OR020,OR0268,Oregon,295663.86013095366
Oregon/Washington,Burns,Andrews,N/A,OR020,OR0268,Oregon,15408.01809300319
Oregon/Washington,Burns,Andrews,N/A,OR020,OR0268,Oregon,61165.53600069659
California,N/A,Eagle Lake,N/A,CA350,N/A,California,16021.17669812470
California,N/A,Eagle Lake,N/A,CA350,N/A,Nevada,72753.16327018754
Idaho,Boise,Owyhee,N/A,ID100,ID1300,Idaho,25042.74925500203
Oregon/Washington,Burns,Andrews,N/A,OR020,OR0268,Oregon,277817.21246932191
Oregon/Washington,Burns,Andrews,N/A,OR020,OR0268,Oregon,33665.25825368110
Oregon/Washington,Prineville,Central Oregon,N/A,OR050,OR0548,Oregon,29549.12925679738
Oregon/Washington,Lakeview,Lakeview,N/A,OR010,OR0158,Oregon,68341.39339245326
Oregon/Washington,Prineville,Deschutes,N/A,OR050,OR0568,Oregon,32.82049946846
Oregon/Washington,Burns,Andrews,N/A,OR020,OR0268,Oregon,15674.97287604663
Oregon/Washington,Burns,Three Rivers,N/A,OR020,OR0258,Oregon,14821.48213234956
Oregon/Washington,Lakeview,Lakeview,N/A,OR010,OR0158,Oregon,28679.72091541659
Oregon/Washington,Lakeview,Lakeview,N/A,OR010,OR0158,Oregon,118710.18340576827
Oregon/Washington,Prineville,Deschutes,N/A,OR050,OR0568,Oregon,29548.99724911282
Oregon/Washington,Lakeview,Lakeview,N/A,OR010,OR0158,Oregon,68414.94209526324
Oregon/Washington,Lakeview,Lakeview,N/A,OR010,OR0158,Oregon,3352.19143250759
Oregon/Washington,Prineville,Central Oregon,N/A,OR050,OR0548,Oregon,33002.62956252055
Oregon/Washington,Vale,Baker,N/A,OR030,OR0358,Oregon,7250.80237635281
Oregon/Washington,Vale,Jordan,N/A,OR030,OR0368,Oregon,1.98700867292
Oregon/Washington,Prineville,Central Oregon,N/A,OR050,OR0548,Oregon,727.29147701350
Oregon/Washington,Prineville,Central Oregon,N/A,OR050,OR0548,Oregon,8363.80930426909
California,N/A,Arcata,N/A,CA330,N/A,California,42.69581820177
Idaho,Boise,Owyhee,N/A,ID100,ID1300,Oregon,11.23182012535
Oregon/Washington,Prineville,Deschutes,N/A,OR050,OR0568,Oregon,26.04637013095
Oregon/Washington,Prineville,Central Oregon,N/A,OR050,OR0548,Oregon,6466.94141237293
Oregon/Washington,Prineville,Central Oregon,N/A,OR050,OR0548,Oregon,28823.98622295635
Oregon/Washington,Prineville,Central Oregon,N/A,OR050,OR0548,Oregon,11382.96561715589
Oregon/Washington,Prineville,Central Oregon,N/A,OR050,OR0548,Oregon,52281.00410857898
Oregon/Washington,Prineville,Deschutes,N/A,OR050,OR0568,Oregon,5.87501861198
Oregon/Washington,Prineville,Deschutes,N/A,OR050,OR0568,Oregon,6.13639060981
Oregon/Washington,Spokane,Wenatchee,N/A,OR130,OR1348,Washington,5528.72743674620
Oregon/Washington,Vale,Baker,N/A,OR030,OR0358,Oregon,7395.19511614583
Oregon/Washington,Vale,Jordan,N/A,OR030,OR0368,Oregon,196664.56969794707
Oregon/Washington,Vale,Jordan,N/A,OR030,OR0368,Oregon,273699.15636534645
Oregon/Washington,Vale,Jordan,N/A,OR030,OR0368,Oregon,292194.65142547572
Oregon/Washington,Vale,Jordan,N/A,OR030,OR0368,Oregon,163162.94664308804
Oregon/Washington,Vale,Malheur,N/A,OR030,OR0348,Oregon,13811.73659911968
Oregon/Washington,Vale,Malheur,N/A,OR030,OR0348,Oregon,13815.53582000960
Nevada,N/A,Battle Mountain,N/A,NV060,N/A,Nevada,49137.98501087724
Oregon/Washington,Vale,Malheur,N/A,OR030,OR0348,Oregon,49036.23285905978
Oregon/Washington,Vale,Malheur,N/A,OR030,OR0348,Oregon,61254.36352361996
Oregon/Washington,Vale,Malheur,N/A,OR030,OR0348,Oregon,43401.73474247563
Nevada,N/A,Carson City,N/A,NV030,N/A,Nevada,94239.24370079662
Oregon/Washington,Burns,Andrews,N/A,OR020,OR0268,Nevada,113.17289713139
Oregon/Washington,Lakeview,Klamath Falls,N/A,OR010,OR0148,Oregon,337.98048156174
Oregon/Washington,Lakeview,Lakeview,N/A,OR010,OR0158,Nevada,434.29672252202
Oregon/Washington,Medford,Ashland,N/A,OR110,OR1288,Oregon,6428.51822520615
California,N/A,Arcata,N/A,CA330,N/A,California,61.88018649436
Nevada,N/A,Elko,N/A,NV010,N/A,Nevada,1.87774640362
Nevada,N/A,Elko,N/A,NV010,N/A,Nevada,7837.83947048585
Nevada,N/A,Elko,N/A,NV010,N/A,Nevada,6459.37496839556
Nevada,N/A,Elko,N/A,NV010,N/A,Nevada,41010.24686018725
Nevada,N/A,Winnemucca,N/A,NV020,N/A,Nevada,19914.04565729948
Oregon/Washington,Vale,Jordan,N/A,OR030,OR0368,Nevada,101.06905865516
Nevada,N/A,Elko,N/A,NV010,N/A,Idaho,167.44796727585
Nevada,N/A,Winnemucca,N/A,NV020,N/A,Nevada,5144.91093352554
Idaho,Coeur d'Alene,Cottonwood,N/A,ID400,ID4200,Idaho,485.32880405131
Idaho,Coeur d'Alene,Cottonwood,N/A,ID400,ID4200,Idaho,5553.08613460975
Idaho,Boise,Owyhee,N/A,ID100,ID1300,Oregon,1.27628006872
Idaho,Boise,Owyhee,N/A,ID100,ID1300,Oregon,6.40753067867
Idaho,Twin Falls,Shoshone,N/A,ID200,ID2300,Idaho,17.41284565283
Oregon/Washington,Prineville,Deschutes,N/A,OR050,OR0568,Oregon,1013.48251415842
California,N/A,Surprise,N/A,CA370,N/A,California,112.80363110536
California,N/A,Surprise,N/A,CA370,N/A,California,196.64311904368
California,N/A,Surprise,N/A,CA370,N/A,Nevada,24.22670153889
California,N/A,Surprise,N/A,CA370,N/A,Nevada,6.49888785000
California,N/A,Surprise,N/A,CA370,N/A,Nevada,8.23361519922
California,N/A,Surprise,N/A,CA370,N/A,California,41.00803073899
California,N/A,Surprise,N/A,CA370,N/A,California,190.60881446124
California,N/A,Surprise,N/A,CA370,N/A,California,183.96009544171
Oregon/Washington,Vale,Jordan,N/A,OR030,OR0368,Oregon,3.75391405962
California,N/A,Surprise,N/A,CA370,N/A,California,316.97993599562
Oregon/Washington,Vale,Jordan,N/A,OR030,OR0368,Oregon,19.13935110869
Oregon/Washington,Vale,Jordan,N/A,OR030,OR0368,Oregon,53.49309051669
California,N/A,Eagle Lake,N/A,CA350,N/A,California,723.52755264832
California,N/A,Surprise,N/A,CA370,N/A,California,205.73596127910
California,N/A,Surprise,N/A,CA370,N/A,Nevada,9.04070831358
Oregon/Washington,Vale,Jordan,N/A,OR030,OR0368,Oregon,807.06586370530
California,N/A,Surprise,N/A,CA370,N/A,Nevada,168.94097675615
Oregon/Washington,Vale,Jordan,N/A,OR030,OR0368,Oregon,4.32449369707
Oregon/Washington,Vale,Jordan,N/A,OR030,OR0368,Oregon,7.18956598342
Oregon/Washington,Vale,Jordan,N/A,OR030,OR0368,Oregon,1430.77402060443
Oregon/Washington,Vale,Malheur,N/A,OR030,OR0348,Oregon,19071.53105412997
California,N/A,Alturas,N/A,CA320,N/A,California,17733.89718251872
Oregon/Washington,Vale,Jordan,N/A,OR030,OR0368,Oregon,71.52155125348
Oregon/Washington,Vale,Jordan,N/A,OR030,OR0368,Oregon,3.03919975187
California,N/A,Surprise,N/A,CA370,N/A,Nevada,8253.14377567841
California,N/A,Surprise,N/A,CA370,N/A,Oregon,433.06609476144
Oregon/Washington,Vale,Jordan,N/A,OR030,OR0368,Oregon,4.57675744486
Oregon/Washington,Vale,Malheur,N/A,OR030,OR0348,Oregon,3.69301975000
Idaho,Boise,Bruneau,N/A,ID100,ID1200,Idaho,1489.85553211044
Oregon/Washington,Burns,Andrews,N/A,OR020,OR0268,Oregon,8075.39132305869
California,N/A,Surprise,N/A,CA370,N/A,Oregon,4.28279554131
Idaho,Boise,Bruneau,N/A,ID100,ID1200,Idaho,52842.11068376528
Idaho,Boise,Bruneau,N/A,ID100,ID1200,Idaho,6851.48866363575
Idaho,Boise,Bruneau,N/A,ID100,ID1200,Idaho,4677.12941785478
Oregon/Washington,Burns,Andrews,N/A,OR020,OR0268,Oregon,1170.84300636454
Oregon/Washington,Vale,Jordan,N/A,OR030,OR0368,Oregon,153.86859133429
Oregon/Washington,Burns,Three Rivers,N/A,OR020,OR0258,Oregon,5533.20390006673
Oregon/Washington,Lakeview,Lakeview,N/A,OR010,OR0158,Oregon,28238.18311038684
Oregon/Washington,Prineville,Deschutes,N/A,OR050,OR0568,Oregon,1927.72879058875
Oregon/Washington,Vale,Jordan,N/A,OR030,OR0368,Oregon,3.22998935228
Oregon/Washington,Burns,Andrews,N/A,OR020,OR0268,Oregon,46.61753373441
Oregon/Washington,Lakeview,Lakeview,N/A,OR010,OR0158,Oregon,12466.30561265583
Oregon/Washington,Vale,Malheur,N/A,OR030,OR0348,Oregon,6155.28952936382
Oregon/Washington,Vale,Jordan,N/A,OR030,OR0368,Oregon,2902.26561949776
Oregon/Washington,Lakeview,Lakeview,N/A,OR010,OR0158,Oregon,24165.53388299822
Oregon/Washington,Lakeview,Lakeview,N/A,OR010,OR0158,Oregon,25041.50766139234
Oregon/Washington,Lakeview,Lakeview,N/A,OR010,OR0158,Oregon,19113.91028029175
Oregon/Washington,Lakeview,Lakeview,N/A,OR010,OR0158,Oregon,10539.87420043583
Oregon/Washington,Prineville,Deschutes,N/A,OR050,OR0568,Oregon,55.89567481493
Oregon/Washington,Vale,Malheur,N/A,OR030,OR0348,Oregon,46378.46142429919
Oregon/Washington,Vale,Malheur,N/A,OR030,OR0348,Oregon,28285.36199019534
Oregon/Washington,Vale,Malheur,N/A,OR030,OR0348,Oregon,4.47232371563
California,N/A,Surprise,N/A,CA370,N/A,California,2272.02751684664
California,N/A,Surprise,N/A,CA370,N/A,California,49.35784586915
Oregon/Washington,Vale,Malheur,N/A,OR030,OR0348,Oregon,6.34403484122
California,N/A,Arcata,N/A,CA330,N/A,California,5909.47262348303
Nevada,N/A,Battle Mountain,N/A,NV060,N/A,Nevada,15723.65281198226
Nevada,N/A,Battle Mountain,N/A,NV060,N/A,Nevada,15190.20681188310
Idaho,Twin Falls,Shoshone,N/A,ID200,ID2300,Idaho,13.52566315073
California,N/A,Alturas,N/A,CA320,N/A,California,10453.98680849892
California,N/A,Alturas,N/A,CA320,N/A,California,10835.71649305725
Oregon/Washington,Prineville,Central Oregon,N/A,OR050,OR0548,Oregon,208.37051810303
Oregon/Washington,Prineville,Deschutes,N/A,OR050,OR0568,Oregon,9.94706477829
Oregon/Washington,Prineville,Deschutes,N/A,OR050,OR0568,Oregon,9.20958258559
Oregon/Washington,Vale,Malheur,N/A,OR030,OR0348,Oregon,3.20254635992
Oregon/Washington,Vale,Malheur,N/A,OR030,OR0348,Oregon,8.83442230910
Oregon/Washington,Vale,Malheur,N/A,OR030,OR0348,Oregon,2.84267464024
Idaho,Boise,Bruneau,N/A,ID100,ID1200,Idaho,6603.82988774130
Oregon/Washington,Vale,Malheur,N/A,OR030,OR0348,Oregon,19.42458339473
Idaho,Boise,Owyhee,N/A,ID100,ID1300,Idaho,2205.41050539074
Idaho,Boise,Owyhee,N/A,ID100,ID1300,Idaho,6101.28198756329
Oregon/Washington,Vale,Malheur,N/A,OR030,OR0348,Oregon,85.90669798017
Nevada,N/A,Carson City,N/A,NV030,N/A,Nevada,479.98863126121
California,N/A,Eagle Lake,N/A,CA350,N/A,Nevada,179.38025573366
California,N/A,Alturas,N/A,CA320,N/A,California,16861.41420674259
Idaho,Twin Falls,Shoshone,N/A,ID200,ID2300,Idaho,6.95942452688
Idaho,Boise,Bruneau,N/A,ID100,ID1200,Idaho,11302.62422882914
Idaho,Boise,Four Rivers,N/A,ID100,ID1100,Idaho,438.59114710044
Idaho,Boise,Owyhee,N/A,ID100,ID1300,Idaho,10734.93164042440
Idaho,Boise,Owyhee,N/A,ID100,ID1300,Idaho,13903.96491985677
Idaho,Boise,Owyhee,N/A,ID100,ID1300,Idaho,12781.46601092651
Idaho,Boise,Owyhee,N/A,ID100,ID1300,Idaho,84678.86107497025
Nevada,N/A,Elko,N/A,NV010,N/A,Nevada,554.25499927193
Nevada,N/A,Elko,N/A,NV010,N/A,Nevada,28.11888663954
Nevada,N/A,Winnemucca,N/A,NV020,N/A,Nevada,5.86006377586
Idaho,Boise,Owyhee,N/A,ID100,ID1300,Idaho,4580.27966827950
Idaho,Boise,Owyhee,N/A,ID100,ID1300,Idaho,42253.47247274573
Idaho,Boise,Owyhee,N/A,ID100,ID1300,Idaho,5535.30704093625
Idaho,Boise,Owyhee,N/A,ID100,ID1300,Idaho,2.69150618258
Idaho,Twin Falls,Shoshone,N/A,ID200,ID2300,Idaho,5.89572126908
Oregon/Washington,Burns,Andrews,N/A,OR020,OR0268,Oregon,14291.95467848042
Oregon/Washington,Burns,Andrews,N/A,OR020,OR0268,Oregon,299.77363935888
Oregon/Washington,Burns,Andrews,N/A,OR020,OR0268,Oregon,5466.10476765055
Oregon/Washington,Burns,Andrews,N/A,OR020,OR0268,Oregon,117.36558590650
Oregon/Washington,Prineville,Deschutes,N/A,OR050,OR0568,Oregon,34.58435947725
Idaho,Twin Falls,Shoshone,N/A,ID200,ID2300,Idaho,15.58248199815
Oregon/Washington,Lakeview,Lakeview,N/A,OR010,OR0158,Oregon,16482.56065699671
Oregon/Washington,Lakeview,Lakeview,N/A,OR010,OR0158,Oregon,53036.75126795205
Oregon/Washington,Lakeview,Lakeview,N/A,OR010,OR0158,Oregon,4.62952417838
Oregon/Washington,Prineville,Central Oregon,N/A,OR050,OR0548,Oregon,9782.27854553164
Idaho,Idaho Falls,Upper Snake,N/A,ID300,ID3100,Idaho,17.14800893824
Oregon/Washington,Prineville,Central Oregon,N/A,OR050,OR0548,Oregon,9127.35037111314
Oregon/Washington,Vale,Baker,N/A,OR030,OR0358,Oregon,1545.50528689626
Oregon/Washington,Vale,Jordan,N/A,OR030,OR0368,Oregon,75.22380676187
Oregon/Washington,Vale,Jordan,N/A,OR030,OR0368,Oregon,35765.30331066663
Oregon/Washington,Vale,Jordan,N/A,OR030,OR0368,Oregon,61.25589979810
Oregon/Washington,Vale,Jordan,N/A,OR030,OR0368,Oregon,275.25830228761
Oregon/Washington,Vale,Malheur,N/A,OR030,OR0348,Oregon,1514.77683531997
California,N/A,Arcata,N/A,CA330,N/A,California,6161.15339475175
Nevada,N/A,Winnemucca,N/A,NV020,N/A,Nevada,217.23317203544
Nevada,N/A,Carson City,N/A,NV030,N/A,Nevada,46228.80857043926
Nevada,N/A,Carson City,N/A,NV030,N/A,Nevada,195809.06180264207
Nevada,N/A,Carson City,N/A,NV030,N/A,Nevada,88710.03352908457
Nevada,N/A,Elko,N/A,NV010,N/A,Nevada,21340.16720216045
California,N/A,Surprise,N/A,CA370,N/A,Nevada,22997.62814363554
California,N/A,Surprise,N/A,CA370,N/A,Nevada,100756.75974812427
California,N/A,Surprise,N/A,CA370,N/A,Nevada,46746.74966031576
Idaho,Idaho Falls,Upper Snake,N/A,ID300,ID3100,Idaho,3.00345081571
Nevada,N/A,Elko,N/A,NV010,N/A,Nevada,7513.63668900234
Nevada,N/A,Winnemucca,N/A,NV020,N/A,Nevada,1.39103009151
Nevada,N/A,Winnemucca,N/A,NV020,N/A,Nevada,34.80330884338
Nevada,N/A,Elko,N/A,NV010,N/A,Nevada,9454.79492375086
Idaho,Boise,Bruneau,N/A,ID100,ID1200,Idaho,53619.72890857454
Nevada,N/A,Winnemucca,N/A,NV020,N/A,Nevada,618.00614644078
Nevada,N/A,Winnemucca,N/A,NV020,N/A,Nevada,12470.70185871477
California,N/A,Eagle Lake,N/A,CA350,N/A,California,92.17828435227
Idaho,Boise,Bruneau,N/A,ID100,ID1200,Idaho,71483.50882982218
Idaho,Boise,Bruneau,N/A,ID100,ID1200,Idaho,9825.91786722432
Idaho,Boise,Owyhee,N/A,ID100,ID1300,Idaho,50850.33370326625
Idaho,Boise,Bruneau,N/A,ID100,ID1200,Idaho,33232.54246679376
Idaho,Twin Falls,Shoshone,N/A,ID200,ID2300,Idaho,526.40570058833
Idaho,Twin Falls,Shoshone,N/A,ID200,ID2300,Idaho,1.80654145141
Idaho,Twin Falls,Shoshone,N/A,ID200,ID2300,Idaho,3383.57360297008
Idaho,Twin Falls,Shoshone,N/A,ID200,ID2300,Idaho,8075.45893874443
Idaho,Twin Falls,Shoshone,N/A,ID200,ID2300,Idaho,2.54911438851
Idaho,Twin Falls,Shoshone,N/A,ID200,ID2300,Idaho,6094.72551987088
Nevada,N/A,Winnemucca,N/A,NV020,N/A,Nevada,12951.83715586882
Nevada,N/A,Winnemucca,N/A,NV020,N/A,Nevada,23228.09690507010
Idaho,Boise,Owyhee,N/A,ID100,ID1300,Idaho,31858.05903376894
Nevada,N/A,Winnemucca,N/A,NV020,N/A,Nevada,2968.78703671213
Nevada,N/A,Winnemucca,N/A,NV020,N/A,Oregon,44.51073196122
Nevada,N/A,Winnemucca,N/A,NV020,N/A,Oregon,83.62686837589
California,N/A,Eagle Lake,N/A,CA350,N/A,California,647.18589238964
Idaho,Boise,Bruneau,N/A,ID100,ID1200,Idaho,57477.42590299882
Idaho,Twin Falls,Shoshone,N/A,ID200,ID2300,Idaho,1.55240804447
California,N/A,Eagle Lake,N/A,CA350,N/A,California,5356.26906676221
California,N/A,Eagle Lake,N/A,CA350,N/A,Nevada,234.50396733528
California,N/A,Eagle Lake,N/A,CA350,N/A,Nevada,1501.86017603862
Idaho,Twin Falls,Shoshone,N/A,ID200,ID2300,Idaho,49.93021658903
Idaho,Idaho Falls,Upper Snake,N/A,ID300,ID3100,Idaho,41.12240591916
Idaho,Idaho Falls,Upper Snake,N/A,ID300,ID3100,Idaho,165.62899029359
Idaho,Twin Falls,Shoshone,N/A,ID200,ID2300,Idaho,1.66696743954
Idaho,Twin Falls,Shoshone,N/A,ID200,ID2300,Idaho,4.69282167610
Idaho,Twin Falls,Shoshone,N/A,ID200,ID2300,Idaho,1.47842504382
Idaho,Twin Falls,Shoshone,N/A,ID200,ID2300,Idaho,1.39944870127
Idaho,Twin Falls,Shoshone,N/A,ID200,ID2300,Idaho,1.17364224172
Idaho,Twin Falls,Burley,N/A,ID200,ID2200,Idaho,21.34498870376
Idaho,Twin Falls,Burley,N/A,ID200,ID2200,Idaho,4.47329347720
Idaho,Twin Falls,Burley,N/A,ID200,ID2200,Idaho,1.30622253793
Idaho,Idaho Falls,Upper Snake,N/A,ID300,ID3100,Idaho,1.94052470514
Idaho,Twin Falls,Shoshone,N/A,ID200,ID2300,Idaho,676.84055785609
Idaho,Twin Falls,Shoshone,N/A,ID200,ID2300,Idaho,1466.48374413799
Idaho,Twin Falls,Shoshone,N/A,ID200,ID2300,Idaho,9.97346929502
Idaho,Idaho Falls,Upper Snake,N/A,ID300,ID3100,Idaho,37.42720127073
Idaho,Idaho Falls,Upper Snake,N/A,ID300,ID3100,Idaho,560.36647013699
Idaho,Twin Falls,Shoshone,N/A,ID200,ID2300,Idaho,5.57975020944
Idaho,Twin Falls,Shoshone,N/A,ID200,ID2300,Idaho,2.09145160092
Idaho,Twin Falls,Shoshone,N/A,ID200,ID2300,Idaho,20.39413036584
Idaho,Twin Falls,Shoshone,N/A,ID200,ID2300,Idaho,129.11335956403
Idaho,Twin Falls,Shoshone,N/A,ID200,ID2300,Idaho,24.73474889684
Idaho,Idaho Falls,Upper Snake,N/A,ID300,ID3100,Idaho,1.44602643405
Idaho,Twin Falls,Shoshone,N/A,ID200,ID2300,Idaho,24.21247301311
Idaho,Twin Falls,Shoshone,N/A,ID200,ID2300,Idaho,7.14067161308
Idaho,Twin Falls,Shoshone,N/A,ID200,ID2300,Idaho,4.29823035638
Idaho,Twin Falls,Shoshone,N/A,ID200,ID2300,Idaho,1.44754044532
Idaho,Twin Falls,Shoshone,N/A,ID200,ID2300,Idaho,1.41492582783
Idaho,Twin Falls,Shoshone,N/A,ID200,ID2300,Idaho,3.50910695336
Idaho,Twin Falls,Shoshone,N/A,ID200,ID2300,Idaho,1035.88098212759
Idaho,Twin Falls,Shoshone,N/A,ID200,ID2300,Idaho,2.25933521066
Idaho,Twin Falls,Shoshone,N/A,ID200,ID2300,Idaho,2.37451016331
Utah,N/A,Salt Lake,N/A,UT020,N/A,Utah,10780.69700031132
Idaho,Twin Falls,Burley,N/A,ID200,ID2200,Idaho,1.06394859927
Idaho,Twin Falls,Shoshone,N/A,ID200,ID2300,Idaho,3.70748563158
Idaho,Twin Falls,Shoshone,N/A,ID200,ID2300,Idaho,3.87092167984
Idaho,Twin Falls,Shoshone,N/A,ID200,ID2300,Idaho,21.41095244311
Idaho,Twin Falls,Shoshone,N/A,ID200,ID2300,Idaho,12.81255814510
Idaho,Twin Falls,Shoshone,N/A,ID200,ID2300,Idaho,2.11658946801
Idaho,Twin Falls,Shoshone,N/A,ID200,ID2300,Idaho,4.75019192935
Idaho,Twin Falls,Shoshone,N/A,ID200,ID2300,Idaho,1.48980091375
Idaho,Twin Falls,Shoshone,N/A,ID200,ID2300,Idaho,81.80536996099
Idaho,Twin Falls,Shoshone,N/A,ID200,ID2300,Idaho,1987.51390674152
Idaho,Twin Falls,Shoshone,N/A,ID200,ID2300,Idaho,1.16991996680
Idaho,Twin Falls,Shoshone,N/A,ID200,ID2300,Idaho,5.08633424899
Idaho,Twin Falls,Shoshone,N/A,ID200,ID2300,Idaho,62.89629603119
Idaho,Twin Falls,Shoshone,N/A,ID200,ID2300,Idaho,1.90000860802
Idaho,Twin Falls,Shoshone,N/A,ID200,ID2300,Idaho,2.68917598114
Idaho,Twin Falls,Shoshone,N/A,ID200,ID2300,Idaho,3.93903079708
Idaho,Twin Falls,Shoshone,N/A,ID200,ID2300,Idaho,51.23209274627
Idaho,Twin Falls,Shoshone,N/A,ID200,ID2300,Idaho,4.72442006570
Idaho,Twin Falls,Shoshone,N/A,ID200,ID2300,Idaho,4083.14006187226
Idaho,Twin Falls,Shoshone,N/A,ID200,ID2300,Idaho,65.27059043273
Idaho,Twin Falls,Shoshone,N/A,ID200,ID2300,Idaho,1.01564158658
Idaho,Twin Falls,Shoshone,N/A,ID200,ID2300,Idaho,20.29040723040
Idaho,Twin Falls,Shoshone,N/A,ID200,ID2300,Idaho,4.94783002337
Idaho,Twin Falls,Shoshone,N/A,ID200,ID2300,Idaho,1.69849006084
Idaho,Twin Falls,Shoshone,N/A,ID200,ID2300,Idaho,185.11039667142
Idaho,Twin Falls,Shoshone,N/A,ID200,ID2300,Idaho,1.32686316493
Idaho,Twin Falls,Shoshone,N/A,ID200,ID2300,Idaho,10.09264948406
Idaho,Twin Falls,Shoshone,N/A,ID200,ID2300,Idaho,3.36114499081
Idaho,Twin Falls,Shoshone,N/A,ID200,ID2300,Idaho,2.00661459959
Idaho,Twin Falls,Shoshone,N/A,ID200,ID2300,Idaho,1.72037845441
Idaho,Twin Falls,Shoshone,N/A,ID200,ID2300,Idaho,15.40460882864
Idaho,Twin Falls,Shoshone,N/A,ID200,ID2300,Idaho,72.01782226671
Idaho,Twin Falls,Shoshone,N/A,ID200,ID2300,Idaho,3.82409282310
Idaho,Twin Falls,Shoshone,N/A,ID200,ID2300,Idaho,7.74885601546
Idaho,Twin Falls,Shoshone,N/A,ID200,ID2300,Idaho,25.03299767511
Idaho,Twin Falls,Shoshone,N/A,ID200,ID2300,Idaho,1.24574330523
Idaho,Twin Falls,Shoshone,N/A,ID200,ID2300,Idaho,88.61865379266
Idaho,Twin Falls,Shoshone,N/A,ID200,ID2300,Idaho,5.77256627730
Idaho,Twin Falls,Shoshone,N/A,ID200,ID2300,Idaho,1.23011728465
Idaho,Twin Falls,Shoshone,N/A,ID200,ID2300,Idaho,13.75749913798
Idaho,Twin Falls,Shoshone,N/A,ID200,ID2300,Idaho,4.38516963048
Idaho,Twin Falls,Shoshone,N/A,ID200,ID2300,Idaho,1.61820791270
Idaho,Twin Falls,Shoshone,N/A,ID200,ID2300,Idaho,6.42478393901
Idaho,Twin Falls,Shoshone,N/A,ID200,ID2300,Idaho,10.69961423144
Idaho,Twin Falls,Shoshone,N/A,ID200,ID2300,Idaho,170.95129574908
Idaho,Twin Falls,Shoshone,N/A,ID200,ID2300,Idaho,202.81639205540
Idaho,Twin Falls,Shoshone,N/A,ID200,ID2300,Idaho,1.16111771067
Idaho,Twin Falls,Shoshone,N/A,ID200,ID2300,Idaho,1.30764468466
Idaho,Twin Falls,Shoshone,N/A,ID200,ID2300,Idaho,11.17374067386
Idaho,Twin Falls,Shoshone,N/A,ID200,ID2300,Idaho,2.92118097384
Idaho,Twin Falls,Shoshone,N/A,ID200,ID2300,Idaho,7.32941971092
Idaho,Twin Falls,Shoshone,N/A,ID200,ID2300,Idaho,4.77728353451
Idaho,Twin Falls,Shoshone,N/A,ID200,ID2300,Idaho,2.97454216886
Idaho,Twin Falls,Shoshone,N/A,ID200,ID2300,Idaho,577.76309768647
Idaho,Twin Falls,Shoshone,N/A,ID200,ID2300,Idaho,4.24745725559
Idaho,Twin Falls,Shoshone,N/A,ID200,ID2300,Idaho,1620.34752839820
Idaho,Twin Falls,Shoshone,N/A,ID200,ID2300,Idaho,5.97144238350
Idaho,Twin Falls,Shoshone,N/A,ID200,ID2300,Idaho,2.63589137981
Idaho,Twin Falls,Shoshone,N/A,ID200,ID2300,Idaho,113.70035796074
Idaho,Twin Falls,Shoshone,N/A,ID200,ID2300,Idaho,2.91775743695
Idaho,Twin Falls,Shoshone,N/A,ID200,ID2300,Idaho,1666.26848528300
Idaho,Twin Falls,Shoshone,N/A,ID200,ID2300,Idaho,1.69973191151
Idaho,Twin Falls,Shoshone,N/A,ID200,ID2300,Idaho,1.58359465033
Idaho,Twin Falls,Shoshone,N/A,ID200,ID2300,Idaho,1.38239109607
Idaho,Twin Falls,Shoshone,N/A,ID200,ID2300,Idaho,13.81159682960
Idaho,Twin Falls,Shoshone,N/A,ID200,ID2300,Idaho,3.94546516019
Idaho,Twin Falls,Shoshone,N/A,ID200,ID2300,Idaho,11.35900350815
Idaho,Twin Falls,Shoshone,N/A,ID200,ID2300,Idaho,2.28789121761
Idaho,Twin Falls,Shoshone,N/A,ID200,ID2300,Idaho,3.22881309770
Idaho,Twin Falls,Shoshone,N/A,ID200,ID2300,Idaho,3.79455707573
Idaho,Twin Falls,Shoshone,N/A,ID200,ID2300,Idaho,1455.57628833943
Idaho,Twin Falls,Shoshone,N/A,ID200,ID2300,Idaho,2.11054345033
Idaho,Twin Falls,Shoshone,N/A,ID200,ID2300,Idaho,3.54170347348
Idaho,Twin Falls,Shoshone,N/A,ID200,ID2300,Idaho,2.95704280006
Idaho,Twin Falls,Shoshone,N/A,ID200,ID2300,Idaho,5.51436259844
Idaho,Twin Falls,Shoshone,N/A,ID200,ID2300,Idaho,15.84787480108
Idaho,Twin Falls,Shoshone,N/A,ID200,ID2300,Idaho,1.80036328613
Idaho,Twin Falls,Shoshone,N/A,ID200,ID2300,Idaho,2.38073567013
Idaho,Twin Falls,Shoshone,N/A,ID200,ID2300,Idaho,1.03595819269
Idaho,Twin Falls,Shoshone,N/A,ID200,ID2300,Idaho,5.07718271806
Idaho,Twin Falls,Shoshone,N/A,ID200,ID2300,Idaho,3.87576123332
Idaho,Twin Falls,Shoshone,N/A,ID200,ID2300,Idaho,9.02830088604
Idaho,Twin Falls,Shoshone,N/A,ID200,ID2300,Idaho,4.86122269249
Idaho,Twin Falls,Shoshone,N/A,ID200,ID2300,Idaho,7.61933816869
Idaho,Twin Falls,Shoshone,N/A,ID200,ID2300,Idaho,6.99615162925
Idaho,Twin Falls,Shoshone,N/A,ID200,ID2300,Idaho,15.54710380559
Idaho,Twin Falls,Shoshone,N/A,ID200,ID2300,Idaho,17.63643785753
Idaho,Twin Falls,Shoshone,N/A,ID200,ID2300,Idaho,519.56825793934
Idaho,Twin Falls,Shoshone,N/A,ID200,ID2300,Idaho,4.02489700415
Idaho,Twin Falls,Shoshone,N/A,ID200,ID2300,Idaho,1.31855644840
Idaho,Twin Falls,Shoshone,N/A,ID200,ID2300,Idaho,1.69885472240
Idaho,Twin Falls,Shoshone,N/A,ID200,ID2300,Idaho,27.44544374553
Idaho,Twin Falls,Shoshone,N/A,ID200,ID2300,Idaho,3.11178300747
Idaho,Twin Falls,Shoshone,N/A,ID200,ID2300,Idaho,8.75766218547
Idaho,Twin Falls,Shoshone,N/A,ID200,ID2300,Idaho,2.09454206272
Idaho,Twin Falls,Shoshone,N/A,ID200,ID2300,Idaho,11.10735978141
Idaho,Twin Falls,Shoshone,N/A,ID200,ID2300,Idaho,4.38460139291
Idaho,Twin Falls,Shoshone,N/A,ID200,ID2300,Idaho,12.51810777137
Idaho,Twin Falls,Shoshone,N/A,ID200,ID2300,Idaho,55.61063560735
Idaho,Twin Falls,Shoshone,N/A,ID200,ID2300,Idaho,22.83870654944
Idaho,Twin Falls,Shoshone,N/A,ID200,ID2300,Idaho,14.52243474933
Idaho,Twin Falls,Shoshone,N/A,ID200,ID2300,Idaho,230.86587490734
Idaho,Twin Falls,Shoshone,N/A,ID200,ID2300,Idaho,3551.21196174172
Idaho,Twin Falls,Shoshone,N/A,ID200,ID2300,Idaho,12.41737566906
Idaho,Twin Falls,Shoshone,N/A,ID200,ID2300,Idaho,5.94849213996
Idaho,Twin Falls,Shoshone,N/A,ID200,ID2300,Idaho,1.46957334426
Idaho,Twin Falls,Shoshone,N/A,ID200,ID2300,Idaho,4.88806023006
Idaho,Twin Falls,Shoshone,N/A,ID200,ID2300,Idaho,874.95197113233
Idaho,Twin Falls,Shoshone,N/A,ID200,ID2300,Idaho,1266.85925275285
Idaho,Twin Falls,Shoshone,N/A,ID200,ID2300,Idaho,1.45599365152
Idaho,Twin Falls,Shoshone,N/A,ID200,ID2300,Idaho,137.66572866387
Idaho,Twin Falls,Shoshone,N/A,ID200,ID2300,Idaho,18.16800297440
Idaho,Twin Falls,Shoshone,N/A,ID200,ID2300,Idaho,42.39242899698
Idaho,Twin Falls,Shoshone,N/A,ID200,ID2300,Idaho,437.21671062728
Idaho,Twin Falls,Shoshone,N/A,ID200,ID2300,Idaho,3.57773238030
Idaho,Twin Falls,Shoshone,N/A,ID200,ID2300,Idaho,444.03856847146
Idaho,Twin Falls,Shoshone,N/A,ID200,ID2300,Idaho,25.24558311220
Idaho,Twin Falls,Shoshone,N/A,ID200,ID2300,Idaho,1.45192998284
Idaho,Twin Falls,Shoshone,N/A,ID200,ID2300,Idaho,13.60020904677
Idaho,Twin Falls,Shoshone,N/A,ID200,ID2300,Idaho,3.03891704208
Idaho,Twin Falls,Shoshone,N/A,ID200,ID2300,Idaho,742.23725917396
Idaho,Twin Falls,Shoshone,N/A,ID200,ID2300,Idaho,18.12385623951
Idaho,Twin Falls,Shoshone,N/A,ID200,ID2300,Idaho,23.92584624844
Idaho,Twin Falls,Shoshone,N/A,ID200,ID2300,Idaho,21.83595007884
Idaho,Twin Falls,Shoshone,N/A,ID200,ID2300,Idaho,309.04032666348
Idaho,Twin Falls,Shoshone,N/A,ID200,ID2300,Idaho,5.15581779401
Idaho,Twin Falls,Shoshone,N/A,ID200,ID2300,Idaho,31.91740445643
Idaho,Twin Falls,Shoshone,N/A,ID200,ID2300,Idaho,20.63612422011
Idaho,Twin Falls,Shoshone,N/A,ID200,ID2300,Idaho,33.04898716031
Idaho,Twin Falls,Shoshone,N/A,ID200,ID2300,Idaho,5.40819242946
Idaho,Twin Falls,Shoshone,N/A,ID200,ID2300,Idaho,323.85311618560
Idaho,Twin Falls,Shoshone,N/A,ID200,ID2300,Idaho,18.07999878607
Idaho,Twin Falls,Shoshone,N/A,ID200,ID2300,Idaho,14.47832428821
Idaho,Twin Falls,Shoshone,N/A,ID200,ID2300,Idaho,2.14495000224
Idaho,Twin Falls,Shoshone,N/A,ID200,ID2300,Idaho,23.26910714000
Idaho,Twin Falls,Shoshone,N/A,ID200,ID2300,Idaho,3.67358313758
Idaho,Twin Falls,Shoshone,N/A,ID200,ID2300,Idaho,186.79061209502
Idaho,Twin Falls,Shoshone,N/A,ID200,ID2300,Idaho,2.78488412509
Idaho,Twin Falls,Shoshone,N/A,ID200,ID2300,Idaho,20.00141739320
Idaho,Twin Falls,Shoshone,N/A,ID200,ID2300,Idaho,3.87018219405
Idaho,Twin Falls,Shoshone,N/A,ID200,ID2300,Idaho,54.34915245216
Idaho,Twin Falls,Shoshone,N/A,ID200,ID2300,Idaho,31.00099189785
Idaho,Twin Falls,Shoshone,N/A,ID200,ID2300,Idaho,22.98289253999
Idaho,Twin Falls,Shoshone,N/A,ID200,ID2300,Idaho,46.75770182758
Idaho,Twin Falls,Shoshone,N/A,ID200,ID2300,Idaho,1.87576152258
Idaho,Twin Falls,Shoshone,N/A,ID200,ID2300,Idaho,694.28723235410
Idaho,Twin Falls,Shoshone,N/A,ID200,ID2300,Idaho,6397.74598939656
Idaho,Twin Falls,Shoshone,N/A,ID200,ID2300,Idaho,2.13216750693
Idaho,Twin Falls,Shoshone,N/A,ID200,ID2300,Idaho,4.32367034315
Idaho,Twin Falls,Shoshone,N/A,ID200,ID2300,Idaho,36.39653384858
Idaho,Twin Falls,Shoshone,N/A,ID200,ID2300,Idaho,12.65621062133
Idaho,Twin Falls,Shoshone,N/A,ID200,ID2300,Idaho,611.06752885458
Idaho,Twin Falls,Shoshone,N/A,ID200,ID2300,Idaho,8.16152185332
Idaho,Twin Falls,Shoshone,N/A,ID200,ID2300,Idaho,18.66019602946
Idaho,Twin Falls,Shoshone,N/A,ID200,ID2300,Idaho,5.78116245405
Idaho,Twin Falls,Shoshone,N/A,ID200,ID2300,Idaho,901.25420733457
Idaho,Twin Falls,Shoshone,N/A,ID200,ID2300,Idaho,620.43911670387
Idaho,Twin Falls,Shoshone,N/A,ID200,ID2300,Idaho,15.94580850802
Idaho,Twin Falls,Shoshone,N/A,ID200,ID2300,Idaho,34.39752630515
Idaho,Twin Falls,Shoshone,N/A,ID200,ID2300,Idaho,350.89083419528
Idaho,Twin Falls,Shoshone,N/A,ID200,ID2300,Idaho,3421.39279251222
Idaho,Twin Falls,Shoshone,N/A,ID200,ID2300,Idaho,2.62492217262
Idaho,Twin Falls,Shoshone,N/A,ID200,ID2300,Idaho,2.24111715796
Idaho,Twin Falls,Shoshone,N/A,ID200,ID2300,Idaho,29.12689100526
Idaho,Twin Falls,Shoshone,N/A,ID200,ID2300,Idaho,1250.33339342141
Idaho,Twin Falls,Shoshone,N/A,ID200,ID2300,Idaho,2.21711516139
Idaho,Twin Falls,Shoshone,N/A,ID200,ID2300,Idaho,15561.17861976637
Idaho,Twin Falls,Shoshone,N/A,ID200,ID2300,Idaho,25383.15289746250
Idaho,Twin Falls,Shoshone,N/A,ID200,ID2300,Idaho,20116.08321956464
Idaho,Twin Falls,Shoshone,N/A,ID200,ID2300,Idaho,3895.30295415042
Idaho,Idaho Falls,Pocatello,N/A,ID300,ID3200,Idaho,11190.04267090711
Idaho,Idaho Falls,Pocatello,N/A,ID300,ID3200,Idaho,39.12501844919
Wyoming,N/A,Kemmerer,N/A,WY090,N/A,Wyoming,24.23326061611
Montana,N/A,Miles City,N/A,MT020,N/A,Montana,1098.54861899210
Idaho,Idaho Falls,Upper Snake,N/A,ID300,ID3100,Idaho,17637.31281595388
Wyoming,N/A,Rawlins,N/A,WY030,N/A,Wyoming,63.61625389522
Wyoming,N/A,Kemmerer,N/A,WY090,N/A,Wyoming,27849.81397963309
Idaho,Idaho Falls,Upper Snake,N/A,ID300,ID3100,Idaho,36401.39245401183
Nevada,N/A,Elko,N/A,NV010,N/A,Nevada,54385.78022511357
Nevada,N/A,Elko,N/A,NV010,N/A,Nevada,40213.36986969307
Nevada,N/A,Elko,N/A,NV010,N/A,Nevada,9258.02419301227
Nevada,N/A,Elko,N/A,NV010,N/A,Nevada,70102.73468199745
Idaho,Twin Falls,Burley,N/A,ID200,ID2200,Idaho,12.54585155879
Idaho,Twin Falls,Shoshone,N/A,ID200,ID2300,Idaho,152.68981367456
Idaho,Boise,Four Rivers,N/A,ID100,ID1100,Idaho,22903.06229718489
Idaho,Twin Falls,Shoshone,N/A,ID200,ID2300,Idaho,5203.76788781320
Idaho,Twin Falls,Shoshone,N/A,ID200,ID2300,Idaho,7441.66233266364
Wyoming,N/A,Kemmerer,N/A,WY090,N/A,Wyoming,1154.38378872769
Wyoming,N/A,Rawlins,N/A,WY030,N/A,Wyoming,582.43006543086
Wyoming,N/A,Rawlins,N/A,WY030,N/A,Wyoming,33796.66197029957
Idaho,Twin Falls,Shoshone,N/A,ID200,ID2300,Idaho,9970.93423109567
Idaho,Twin Falls,Shoshone,N/A,ID200,ID2300,Idaho,5963.02789687582
Wyoming,N/A,Rawlins,N/A,WY030,N/A,Wyoming,13.84789794435
Wyoming,N/A,Rock Springs,N/A,WY040,N/A,Wyoming,49325.13459539725
Colorado,N/A,Little Snake,N/A,CO100,N/A,Colorado,4456.62365567388
Nevada,N/A,Ely,N/A,NV040,N/A,Nevada,183.56595125187
Wyoming,N/A,Rock Springs,N/A,WY040,N/A,Wyoming,37016.95787027422
Wyoming,N/A,Rock Springs,N/A,WY040,N/A,Wyoming,28132.38146374895
Wyoming,N/A,Rawlins,N/A,WY030,N/A,Wyoming,4365.83558146083
Wyoming,N/A,Lander,N/A,WY050,N/A,Wyoming,88.86275973420
Wyoming,N/A,Lander,N/A,WY050,N/A,Wyoming,115.33818853949
Wyoming,N/A,Rock Springs,N/A,WY040,N/A,Wyoming,53145.03420536283
Nevada,N/A,Elko,N/A,NV010,N/A,Nevada,156.14133350987
Utah,N/A,Fillmore,N/A,UT010,N/A,Utah,9340.81764822564
New Mexico,Las Cruces,N/A,N/A,NM030,N/A,Arizona,16.93944639015
Utah,N/A,Fillmore,N/A,UT010,N/A,Utah,58992.96850307367
Wyoming,N/A,Rock Springs,N/A,WY040,N/A,Wyoming,21755.77080493209
Wyoming,N/A,Rock Springs,N/A,WY040,N/A,Wyoming,23068.22440017883
Colorado,N/A,Kremmling,N/A,CO120,N/A,Colorado,32.95923124799
Wyoming,N/A,Rock Springs,N/A,WY040,N/A,Wyoming,8053.01637180857
Arizona,Gila,Safford,N/A,AZ400,AZ4100,Arizona,3.87950564223
New Mexico,Las Cruces,N/A,N/A,NM030,N/A,New Mexico,6647.90958908615
New Mexico,Las Cruces,N/A,N/A,NM030,N/A,New Mexico,14343.01041776621
Arizona,Gila,Safford,N/A,AZ400,AZ4100,Arizona,4693.45891763456
New Mexico,Las Cruces,N/A,N/A,NM030,N/A,New Mexico,5387.09617615037
Arizona,Arizona Strip,Arizona Strip,N/A,AZ100,N/A,Nevada,157.85292264620
Arizona,Arizona Strip,Arizona Strip,N/A,AZ100,N/A,Nevada,14.50985158375
New Mexico,Albuquerque,Soccoro,N/A,NM100,NM1200,New Mexico,3.71302422012
Colorado,N/A,Dolores,N/A,CO180,N/A,Colorado,13.79109061945
New Mexico,Las Cruces,N/A,N/A,NM030,N/A,New Mexico,6216.62470213340
New Mexico,Las Cruces,N/A,N/A,NM030,N/A,New Mexico,3947.46504405118
New Mexico,Las Cruces,N/A,N/A,NM030,N/A,New Mexico,1298.77001989749
New Mexico,Las Cruces,N/A,N/A,NM030,N/A,New Mexico,793.93107426897
New Mexico,Albuquerque,Soccoro,N/A,NM100,NM1200,New Mexico,43882.39524254628
Colorado,N/A,Glenwood Springs,N/A,CO140,N/A,Colorado,290.63761173284
Colorado,N/A,Grand Junction,N/A,CO130,N/A,Colorado,25711.28769846814
New Mexico,Albuquerque,Soccoro,N/A,NM100,NM1200,New Mexico,19169.81846943129
Colorado,N/A,Grand Junction,N/A,CO130,N/A,Colorado,32646.42158781996
Colorado,N/A,Gunnison,N/A,CO160,N/A,Colorado,628.29670189917
New Mexico,Las Cruces,N/A,N/A,NM030,N/A,New Mexico,14573.90953820007
New Mexico,Las Cruces,N/A,N/A,NM030,N/A,New Mexico,8498.14376192060
New Mexico,Las Cruces,N/A,N/A,NM030,N/A,New Mexico,46655.06320916615
New Mexico,Las Cruces,N/A,N/A,NM030,N/A,New Mexico,14847.03316144951
New Mexico,Las Cruces,N/A,N/A,NM030,N/A,New Mexico,16278.66130242068
Idaho,Idaho Falls,Upper Snake,N/A,ID300,ID3100,Idaho,5534.12500420719
Utah,N/A,Cedar City,N/A,UT040,N/A,Utah,1350.10470124315
Utah,N/A,Cedar City,N/A,UT040,N/A,Utah,7320.06263950199
Utah,N/A,St. George,N/A,UT100,N/A,Utah,434.69441317303
Utah,N/A,St. George,N/A,UT100,N/A,Utah,17.62601518667
New Mexico,Las Cruces,N/A,N/A,NM030,N/A,New Mexico,3433.51939386423
Utah,N/A,Cedar City,N/A,UT040,N/A,Utah,3633.87481602983
Utah,N/A,St. George,N/A,UT100,N/A,Utah,38.07204044920
Utah,N/A,St. George,N/A,UT100,N/A,Utah,1047.37553712372
New Mexico,Las Cruces,N/A,N/A,NM030,N/A,New Mexico,297.38659389473
Idaho,Idaho Falls,Upper Snake,N/A,ID300,ID3100,Idaho,2.13026959879
Idaho,Idaho Falls,Upper Snake,N/A,ID300,ID3100,Idaho,4.60671657345
Idaho,Idaho Falls,Upper Snake,N/A,ID300,ID3100,Idaho,3.26018728142
Idaho,Idaho Falls,Upper Snake,N/A,ID300,ID3100,Idaho,3.60640138671
Utah,N/A,Cedar City,N/A,UT040,N/A,Utah,2801.40802355622
Utah,N/A,Fillmore,N/A,UT010,N/A,Utah,27538.65650469006
Utah,N/A,Fillmore,N/A,UT010,N/A,Utah,57281.43298956472
Utah,N/A,Fillmore,N/A,UT010,N/A,Utah,92715.84144844169
Utah,N/A,Fillmore,N/A,UT010,N/A,Utah,42084.07299660808
Utah,N/A,St. George,N/A,UT100,N/A,Utah,10462.78629897430
Utah,N/A,Fillmore,N/A,UT010,N/A,Utah,43731.65667051653
Utah,N/A,Fillmore,N/A,UT010,N/A,Utah,57524.48206392508
Utah,N/A,Fillmore,N/A,UT010,N/A,Utah,20105.01289683997
Utah,N/A,Salt Lake,N/A,UT020,N/A,Utah,43391.14448295548
Utah,N/A,St. George,N/A,UT100,N/A,Utah,19285.23033339168
Utah,N/A,St. George,N/A,UT100,N/A,Nevada,6.10157174256
New Mexico,Las Cruces,N/A,N/A,NM030,N/A,New Mexico,2397.11023287290
Utah,N/A,St. George,N/A,UT100,N/A,Utah,11962.94415070313
Colorado,N/A,Dolores,N/A,CO180,N/A,Colorado,39.87482346204
Nevada,N/A,Ely,N/A,NV040,N/A,Utah,114.01435869954
New Mexico,Las Cruces,N/A,N/A,NM030,N/A,New Mexico,135.01848821976
Arizona,Colorado River,Lake Havasu,N/A,AZ300,AZ3300,Arizona,58894.33323111768
New Mexico,Las Cruces,N/A,N/A,NM030,N/A,New Mexico,25960.08097796369
Nevada,N/A,Ely,N/A,NV040,N/A,Nevada,11.23438741043
Nevada,N/A,Ely,N/A,NV040,N/A,Nevada,1.57090444026
Colorado,N/A,Columbine,N/A,CO820,N/A,Colorado,1041.40335692099
Colorado,N/A,Columbine,N/A,CO820,N/A,Colorado,6.34938668090
Nevada,N/A,Las Vegas,N/A,NV050,N/A,Nevada,22369.61382426846
New Mexico,Las Cruces,N/A,N/A,NM030,N/A,New Mexico,117.58414392733
Colorado,N/A,White River,N/A,CO110,N/A,Colorado,12276.93277988194
Colorado,N/A,Gunnison,N/A,CO160,N/A,Colorado,234.87538873683
New Mexico,Albuquerque,Soccoro,N/A,NM100,NM1200,New Mexico,1142.70292218320
Colorado,N/A,Dolores,N/A,CO180,N/A,Colorado,6134.07061690646
Colorado,N/A,Glenwood Springs,N/A,CO140,N/A,Colorado,15192.40242432977
Colorado,N/A,Glenwood Springs,N/A,CO140,N/A,Colorado,12167.53190454087
Colorado,N/A,Kremmling,N/A,CO120,N/A,Colorado,8078.04909973378
Colorado,N/A,Gunnison,N/A,CO160,N/A,Colorado,53.58214832127
Colorado,N/A,Gunnison,N/A,CO160,N/A,Colorado,60.03103393005
Colorado,N/A,Glenwood Springs,N/A,CO140,N/A,Colorado,2.37928843612
New Mexico,Las Cruces,N/A,N/A,NM030,N/A,New Mexico,92.86272169153
Idaho,Idaho Falls,Upper Snake,N/A,ID300,ID3100,Idaho,2.95543994385
Idaho,Idaho Falls,Upper Snake,N/A,ID300,ID3100,Idaho,1.55220487384
Idaho,Idaho Falls,Upper Snake,N/A,ID300,ID3100,Idaho,5.10167194495
Idaho,Idaho Falls,Upper Snake,N/A,ID300,ID3100,Idaho,8.29641472905
Colorado,N/A,La Jara,N/A,CO210,N/A,Colorado,10891.22231369578
New Mexico,Albuquerque,Rio Puerco,N/A,NM100,NM1100,New Mexico,375.65650066702
Colorado,N/A,Royal Gorge,N/A,CO200,N/A,Colorado,3444.25805563818
Colorado,N/A,Dolores,N/A,CO180,N/A,Colorado,19566.53476551643
Colorado,N/A,Glenwood Springs,N/A,CO140,N/A,Colorado,1.89865049291
Colorado,N/A,Dolores,N/A,CO180,N/A,Colorado,9070.44780094892
Colorado,N/A,Dolores,N/A,CO180,N/A,Colorado,849.98251759918
New Mexico,Albuquerque,Rio Puerco,N/A,NM100,NM1100,New Mexico,18278.96491075966
Colorado,N/A,Dolores,N/A,CO180,N/A,Colorado,6496.98902374528
Colorado,N/A,Dolores,N/A,CO180,N/A,Colorado,64.35392265467
New Mexico,Albuquerque,Soccoro,N/A,NM100,NM1200,New Mexico,4887.53315301846
New Mexico,Farmington,Farmington,N/A,NM200,NM2100,New Mexico,240.38615321988
Colorado,N/A,Gunnison,N/A,CO160,N/A,Colorado,727.91573160506
Colorado,N/A,Gunnison,N/A,CO160,N/A,Colorado,3007.25288078203
Colorado,N/A,Gunnison,N/A,CO160,N/A,Colorado,69.54445699232
Idaho,Idaho Falls,Upper Snake,N/A,ID300,ID3100,Montana,57.92226633150
Colorado,N/A,Saguache,N/A,CO220,N/A,Colorado,1081.46002378023
Colorado,N/A,Saguache,N/A,CO220,N/A,Colorado,163.33035550735
New Mexico,Albuquerque,Rio Puerco,N/A,NM100,NM1100,New Mexico,2907.59530591870
New Mexico,Albuquerque,Rio Puerco,N/A,NM100,NM1100,New Mexico,119.52875931041
New Mexico,Albuquerque,Rio Puerco,N/A,NM100,NM1100,New Mexico,625.33414417986
New Mexico,Albuquerque,Rio Puerco,N/A,NM100,NM1100,New Mexico,124.03114486975
Colorado,N/A,Uncompahgre,N/A,CO150,N/A,Colorado,10249.92873784921
New Mexico,Albuquerque,Soccoro,N/A,NM100,NM1200,New Mexico,8965.15210622697
Idaho,Idaho Falls,Upper Snake,N/A,ID300,ID3100,Montana,30.82614950732
Idaho,Idaho Falls,Upper Snake,N/A,ID300,ID3100,Montana,46.73096493720
Idaho,Idaho Falls,Upper Snake,N/A,ID300,ID3100,Montana,6.47616437358
Colorado,N/A,Uncompahgre,N/A,CO150,N/A,Colorado,10650.93193762311
Colorado,N/A,Uncompahgre,N/A,CO150,N/A,Colorado,741.29621614266
New Mexico,Albuquerque,Soccoro,N/A,NM100,NM1200,New Mexico,683.87700263742
New Mexico,Albuquerque,Soccoro,N/A,NM100,NM1200,New Mexico,26827.45403250604
New Mexico,Albuquerque,Soccoro,N/A,NM100,NM1200,New Mexico,16.41268213036
Idaho,Idaho Falls,Upper Snake,N/A,ID300,ID3100,Montana,36.22095421985
Idaho,Idaho Falls,Upper Snake,N/A,ID300,ID3100,Montana,8.39493574069
Idaho,Idaho Falls,Upper Snake,N/A,ID300,ID3100,Montana,57.68567708446
New Mexico,Albuquerque,Rio Puerco,N/A,NM100,NM1100,New Mexico,8061.06375952533
New Mexico,Albuquerque,Rio Puerco,N/A,NM100,NM1100,New Mexico,31996.98984212804
New Mexico,Albuquerque,Rio Puerco,N/A,NM100,NM1100,New Mexico,14426.56049176321
New Mexico,Farmington,Farmington,N/A,NM200,NM2100,New Mexico,6516.11510584987
Idaho,Idaho Falls,Upper Snake,N/A,ID300,ID3100,Montana,24.40089288096
Idaho,Idaho Falls,Upper Snake,N/A,ID300,ID3100,Montana,5.17952640205
Idaho,Idaho Falls,Upper Snake,N/A,ID300,ID3100,Montana,49.38971797178
New Mexico,Albuquerque,Soccoro,N/A,NM100,NM1200,New Mexico,7241.70030925792
New Mexico,Albuquerque,Soccoro,N/A,NM100,NM1200,New Mexico,949.54082164712
New Mexico,Albuquerque,Soccoro,N/A,NM100,NM1200,New Mexico,5.77696890302
New Mexico,Albuquerque,Soccoro,N/A,NM100,NM1200,New Mexico,27.90500210198
Idaho,Idaho Falls,Upper Snake,N/A,ID300,ID3100,Montana,7.68829704271
Idaho,Idaho Falls,Upper Snake,N/A,ID300,ID3100,Montana,2.15201730882
New Mexico,Albuquerque,Soccoro,N/A,NM100,NM1200,New Mexico,7884.42830425101
New Mexico,Farmington,Taos,N/A,NM200,NM2200,New Mexico,7304.84983853341
New Mexico,Las Cruces,N/A,N/A,NM030,N/A,New Mexico,561.24207952529
Montana,N/A,Missoula,N/A,MT100,N/A,Montana,493.35665779250
New Mexico,Las Cruces,N/A,N/A,NM030,N/A,New Mexico,11156.75900979575
New Mexico,Las Cruces,N/A,N/A,NM030,N/A,New Mexico,2.70047320593
New Mexico,Las Cruces,N/A,N/A,NM030,N/A,New Mexico,4527.11554959400
New Mexico,Las Cruces,N/A,N/A,NM030,N/A,New Mexico,12658.51534894822
Idaho,Idaho Falls,Salmon,N/A,ID300,ID3400,Montana,5.85790804604
Idaho,Idaho Falls,Salmon,N/A,ID300,ID3400,Montana,4.37838889669
Idaho,Idaho Falls,Salmon,N/A,ID300,ID3400,Montana,3.62736534347
Idaho,Idaho Falls,Salmon,N/A,ID300,ID3400,Montana,1.67420144101
New Mexico,Las Cruces,N/A,N/A,NM030,N/A,New Mexico,8480.19164211415
Colorado,N/A,Royal Gorge,N/A,CO200,N/A,Colorado,11344.99485676507
Colorado,N/A,Royal Gorge,N/A,CO200,N/A,Colorado,7424.66410093744
New Mexico,Las Cruces,N/A,N/A,NM030,N/A,New Mexico,14871.72327741384
Colorado,N/A,Royal Gorge,N/A,CO200,N/A,Colorado,410.34620818766
Montana,N/A,Dillon,N/A,MT050,N/A,Idaho,41.15955704690
Colorado,N/A,Dolores,N/A,CO180,N/A,Colorado,7143.58100324580
Colorado,N/A,Gunnison,N/A,CO160,N/A,Colorado,4294.74577906747
Colorado,N/A,Gunnison,N/A,CO160,N/A,Colorado,38053.95016034327
Colorado,N/A,Gunnison,N/A,CO160,N/A,Colorado,15403.37151026233
Colorado,N/A,Uncompahgre,N/A,CO150,N/A,Colorado,35970.72746156385
Colorado,N/A,Royal Gorge,N/A,CO200,N/A,Colorado,10682.92108095847
Colorado,N/A,Royal Gorge,N/A,CO200,N/A,Colorado,66.68995046112
Colorado,N/A,White River,N/A,CO110,N/A,Colorado,10132.84860092608
Montana,N/A,Butte,N/A,MT070,N/A,Montana,5806.87066803129
New Mexico,Albuquerque,Soccoro,N/A,NM100,NM1200,New Mexico,20543.02847407572
New Mexico,Albuquerque,Soccoro,N/A,NM100,NM1200,New Mexico,74057.60857859612
New Mexico,Las Cruces,N/A,N/A,NM030,N/A,New Mexico,14076.93382453438
New Mexico,Las Cruces,N/A,N/A,NM030,N/A,New Mexico,22103.47964030652
New Mexico,Las Cruces,N/A,N/A,NM030,N/A,New Mexico,147087.51194779837
Colorado,N/A,Royal Gorge,N/A,CO200,N/A,Colorado,16760.13245444040
New Mexico,Albuquerque,Rio Puerco,N/A,NM100,NM1100,New Mexico,10153.55908321084
Idaho,Twin Falls,Shoshone,N/A,ID200,ID2300,Idaho,6.37401886307
Montana,N/A,Dillon,N/A,MT050,N/A,Idaho,2.49663925644
Montana,N/A,Dillon,N/A,MT050,N/A,Idaho,3.02410840333
New Mexico,Albuquerque,Rio Puerco,N/A,NM100,NM1100,New Mexico,8869.65298997690
New Mexico,Albuquerque,Rio Puerco,N/A,NM100,NM1100,New Mexico,11680.51676850857
New Mexico,Albuquerque,Soccoro,N/A,NM100,NM1200,New Mexico,47481.55356228360
Montana,N/A,Dillon,N/A,MT050,N/A,Idaho,1.12778452623
New Mexico,Albuquerque,Soccoro,N/A,NM100,NM1200,New Mexico,13187.50221856476
Montana,N/A,Dillon,N/A,MT050,N/A,Idaho,40.65699172830
New Mexico,Farmington,Taos,N/A,NM200,NM2200,New Mexico,11129.29794658023
Idaho,Idaho Falls,Upper Snake,N/A,ID300,ID3100,Idaho,3009.09306945436
Montana,N/A,Dillon,N/A,MT050,N/A,Montana,1117.42002390122
Montana,N/A,Dillon,N/A,MT050,N/A,Montana,2.70185270151
New Mexico,Las Cruces,N/A,N/A,NM030,N/A,New Mexico,11075.91732370854
New Mexico,Las Cruces,N/A,N/A,NM030,N/A,New Mexico,19830.71484459224
Montana,N/A,Miles City,N/A,MT020,N/A,Montana,296.73079621711
New Mexico,Las Cruces,N/A,N/A,NM030,N/A,New Mexico,13151.35663409453
Colorado,N/A,Royal Gorge,N/A,CO200,N/A,Colorado,14111.05402578907
Idaho,Twin Falls,Shoshone,N/A,ID200,ID2300,Idaho,189.12035320323
Idaho,Twin Falls,Shoshone,N/A,ID200,ID2300,Idaho,3.30018480173
Colorado,N/A,Royal Gorge,N/A,CO200,N/A,Colorado,9307.54026664612
Idaho,Twin Falls,Shoshone,N/A,ID200,ID2300,Idaho,140.45305415754
Idaho,Twin Falls,Shoshone,N/A,ID200,ID2300,Idaho,3.46542499047
Idaho,Twin Falls,Shoshone,N/A,ID200,ID2300,Idaho,2.49763123964
Idaho,Twin Falls,Shoshone,N/A,ID200,ID2300,Idaho,5.23889565867
Idaho,Idaho Falls,Challis,N/A,ID300,ID3300,Idaho,3945.73218977014
Idaho,Idaho Falls,Challis,N/A,ID300,ID3300,Idaho,20835.50015644343
Idaho,Twin Falls,Shoshone,N/A,ID200,ID2300,Idaho,6.06405623356
Idaho,Twin Falls,Shoshone,N/A,ID200,ID2300,Idaho,1.60644266200
Idaho,Twin Falls,Shoshone,N/A,ID200,ID2300,Idaho,3.37810445236
Idaho,Twin Falls,Shoshone,N/A,ID200,ID2300,Idaho,1.63502020233
Idaho,Twin Falls,Shoshone,N/A,ID200,ID2300,Idaho,1.73271091385
Idaho,Twin Falls,Shoshone,N/A,ID200,ID2300,Idaho,7.22751185366
Idaho,Twin Falls,Shoshone,N/A,ID200,ID2300,Idaho,6.48556732891
Idaho,Twin Falls,Shoshone,N/A,ID200,ID2300,Idaho,3.66419900112
Idaho,Twin Falls,Shoshone,N/A,ID200,ID2300,Idaho,8.04898898262
Idaho,Twin Falls,Shoshone,N/A,ID200,ID2300,Idaho,18.93223751861
Idaho,Idaho Falls,Challis,N/A,ID300,ID3300,Idaho,3937.73664274354
Idaho,Idaho Falls,Challis,N/A,ID300,ID3300,Idaho,1.11470618974
Idaho,Twin Falls,Shoshone,N/A,ID200,ID2300,Idaho,40.99352235161
Idaho,Twin Falls,Shoshone,N/A,ID200,ID2300,Idaho,4.98392852396
Idaho,Twin Falls,Shoshone,N/A,ID200,ID2300,Idaho,15.51125798579
Idaho,Twin Falls,Shoshone,N/A,ID200,ID2300,Idaho,6.61074601434
Idaho,Twin Falls,Shoshone,N/A,ID200,ID2300,Idaho,2.42151036071
Idaho,Twin Falls,Shoshone,N/A,ID200,ID2300,Idaho,47.07724125233
Idaho,Idaho Falls,Upper Snake,N/A,ID300,ID3100,Idaho,10043.57036420537
Idaho,Idaho Falls,Upper Snake,N/A,ID300,ID3100,Idaho,2.19411234978
Idaho,Twin Falls,Shoshone,N/A,ID200,ID2300,Idaho,3.37013536979
Idaho,Twin Falls,Shoshone,N/A,ID200,ID2300,Idaho,4.83720474729
Idaho,Twin Falls,Shoshone,N/A,ID200,ID2300,Idaho,1.43034833279
Montana,N/A,Dillon,N/A,MT050,N/A,Montana,636.43859914468
Idaho,Twin Falls,Shoshone,N/A,ID200,ID2300,Idaho,879.29001484992
Idaho,Idaho Falls,Salmon,N/A,ID300,ID3400,Idaho,24887.64748665170
Idaho,Idaho Falls,Upper Snake,N/A,ID300,ID3100,Idaho,6.19716357647
Idaho,Twin Falls,Shoshone,N/A,ID200,ID2300,Idaho,3389.50625293140
Montana,N/A,Dillon,N/A,MT050,N/A,Montana,5971.98795392191
Montana,N/A,Dillon,N/A,MT050,N/A,Montana,15442.92717190645
Idaho,Idaho Falls,Upper Snake,N/A,ID300,ID3100,Idaho,15896.14392573920
Idaho,Idaho Falls,Upper Snake,N/A,ID300,ID3100,Idaho,24726.12320134988
Idaho,Twin Falls,Shoshone,N/A,ID200,ID2300,Idaho,792.47465611466
Idaho,Idaho Falls,Upper Snake,N/A,ID300,ID3100,Idaho,1.29722629300
Idaho,Idaho Falls,Upper Snake,N/A,ID300,ID3100,Idaho,6.20230574276
Idaho,Idaho Falls,Upper Snake,N/A,ID300,ID3100,Idaho,5.20321766183
Idaho,Idaho Falls,Upper Snake,N/A,ID300,ID3100,Idaho,2.23256153595
Montana,N/A,Miles City,N/A,MT020,N/A,Montana,653.83932368932
Idaho,Idaho Falls,Challis,N/A,ID300,ID3300,Idaho,1793.96523114172
Idaho,Idaho Falls,Upper Snake,N/A,ID300,ID3100,Idaho,10.74186369827
Idaho,Idaho Falls,Challis,N/A,ID300,ID3300,Idaho,13724.16579698691
Idaho,Idaho Falls,Upper Snake,N/A,ID300,ID3100,Idaho,6.20722456447
Idaho,Idaho Falls,Upper Snake,N/A,ID300,ID3100,Idaho,3.46087657460
Idaho,Idaho Falls,Upper Snake,N/A,ID300,ID3100,Idaho,6.18088094555
Idaho,Idaho Falls,Challis,N/A,ID300,ID3300,Idaho,45791.29452340958
Montana,N/A,Miles City,N/A,MT020,N/A,Montana,1905.36715304322
Wyoming,N/A,Worland,N/A,WY010,N/A,Wyoming,20201.39420732075
Idaho,Twin Falls,Shoshone,N/A,ID200,ID2300,Idaho,9420.13149076942
Idaho,Idaho Falls,Upper Snake,N/A,ID300,ID3100,Idaho,3.80670443266
Idaho,Idaho Falls,Upper Snake,N/A,ID300,ID3100,Idaho,4.02370603052
Idaho,Idaho Falls,Upper Snake,N/A,ID300,ID3100,Idaho,337.21779148059
Idaho,Idaho Falls,Upper Snake,N/A,ID300,ID3100,Idaho,5.25079870834
Idaho,Idaho Falls,Upper Snake,N/A,ID300,ID3100,Idaho,4.78251011985
Idaho,Idaho Falls,Upper Snake,N/A,ID300,ID3100,Idaho,7.23561796237
Idaho,Idaho Falls,Upper Snake,N/A,ID300,ID3100,Idaho,2.01194323499
Montana,N/A,Missoula,N/A,MT100,N/A,Montana,2051.50258393416
Montana,N/A,Butte,N/A,MT070,N/A,Montana,3517.68721046146
Idaho,Idaho Falls,Upper Snake,N/A,ID300,ID3100,Idaho,1.14026878772
Montana,N/A,Dillon,N/A,MT050,N/A,Montana,9474.75997172417
Montana,N/A,Dillon,N/A,MT050,N/A,Montana,37.85473661393
Montana,N/A,Miles City,N/A,MT020,N/A,Montana,32.06526173382
Idaho,Twin Falls,Burley,N/A,ID200,ID2200,Idaho,366.16329079840
Montana,N/A,Dillon,N/A,MT050,N/A,Montana,17263.49199042819
Montana,N/A,Dillon,N/A,MT050,N/A,Montana,20.73627043717
Montana,N/A,Miles City,N/A,MT020,N/A,Montana,623.22724829028
Montana,N/A,Dillon,N/A,MT050,N/A,Montana,6912.89095079845
Montana,N/A,Dillon,N/A,MT050,N/A,Montana,9.12064758690
Montana,N/A,Dillon,N/A,MT050,N/A,Montana,2.85178399555
Idaho,Twin Falls,Shoshone,N/A,ID200,ID2300,Idaho,6766.15952897195
Idaho,Twin Falls,Jarbridge,N/A,ID200,ID2100,Idaho,1407.57069522341
Idaho,Idaho Falls,Upper Snake,N/A,ID300,ID3100,Idaho,21082.87347618528
Idaho,Idaho Falls,Upper Snake,N/A,ID300,ID3100,Idaho,47510.71148563037
Wyoming,N/A,Worland,N/A,WY010,N/A,Wyoming,20368.33052855467
Montana,N/A,Miles City,N/A,MT020,N/A,Montana,238.25362525393
Montana,N/A,Miles City,N/A,MT020,N/A,Montana,320.12225906599
Montana,N/A,Butte,N/A,MT070,N/A,Montana,11200.81954264687
Montana,N/A,Dillon,N/A,MT050,N/A,Montana,26166.99586899879
Montana,N/A,Miles City,N/A,MT020,N/A,Montana,616.96843690561
Montana,N/A,Lewistown,Great Falls Field Station,MT060,N/A,Montana,13.83092965366
Montana,N/A,Miles City,N/A,MT020,N/A,Montana,24.28452287977
Montana,N/A,Dillon,N/A,MT050,N/A,Montana,7667.27820295214
Montana,N/A,Dillon,N/A,MT050,N/A,Montana,9325.68478280441
Montana,N/A,Dillon,N/A,MT050,N/A,Montana,19515.57988842250
Idaho,Twin Falls,Burley,N/A,ID200,ID2200,Idaho,396.28036151869
Idaho,Twin Falls,Shoshone,N/A,ID200,ID2300,Idaho,14322.34501299662
Idaho,Twin Falls,Shoshone,N/A,ID200,ID2300,Idaho,6656.57976222483
Montana,N/A,Miles City,N/A,MT020,N/A,Montana,32.87486294938
Idaho,Twin Falls,Jarbridge,N/A,ID200,ID2100,Idaho,257.01462218792
Montana,N/A,Miles City,N/A,MT020,N/A,Montana,650.94328844971
Montana,N/A,Miles City,N/A,MT020,N/A,Montana,320.53419840370
Idaho,Twin Falls,Burley,N/A,ID200,ID2200,Idaho,783.95632203162
Montana,N/A,Miles City,N/A,MT020,N/A,Montana,647.34395146575
Montana,N/A,Miles City,N/A,MT020,N/A,Montana,827.24486389737
Idaho,Twin Falls,Shoshone,N/A,ID200,ID2300,Idaho,23275.86028344079
Montana,N/A,Miles City,N/A,MT020,N/A,Montana,1294.99980919212
Montana,N/A,Miles City,N/A,MT020,N/A,Montana,644.98753223045
Montana,N/A,Miles City,N/A,MT020,N/A,Montana,219.76490724777
Montana,N/A,Miles City,N/A,MT020,N/A,Montana,333.56657152484
Montana,N/A,Miles City,N/A,MT020,N/A,Montana,37.73716416889
Montana,N/A,Miles City,N/A,MT020,N/A,Montana,17883.85395842139
Montana,N/A,Miles City,N/A,MT020,N/A,Montana,8427.37807753269
Montana,N/A,Lewistown,Great Falls Field Station,MT060,N/A,Montana,31.06147573785
Montana,N/A,Miles City,N/A,MT020,N/A,Montana,5996.34116635817
Montana,N/A,Miles City,N/A,MT020,N/A,Montana,8471.48017035634
Montana,N/A,Miles City,N/A,MT020,N/A,Montana,316.48703524748
Montana,N/A,Miles City,N/A,MT020,N/A,Montana,42.11189172700
Montana,N/A,Miles City,N/A,MT020,N/A,Montana,1249.33324659318
Montana,N/A,Miles City,N/A,MT020,N/A,Montana,619.99683135808
Montana,N/A,Miles City,N/A,MT020,N/A,Montana,297.64261749361
Montana,N/A,Miles City,N/A,MT020,N/A,Montana,304.98586710047
Montana,N/A,Miles City,N/A,MT020,N/A,Montana,627.36508945124
Montana,N/A,Miles City,N/A,MT020,N/A,Montana,629.29970843351
Montana,N/A,Miles City,N/A,MT020,N/A,Montana,635.93978868329
Montana,N/A,Miles City,N/A,MT020,N/A,Montana,156.61076656812
Montana,N/A,Miles City,N/A,MT020,N/A,Montana,129.07813765171
Montana,N/A,Miles City,N/A,MT020,N/A,Montana,784.87002703129
Montana,N/A,Miles City,N/A,MT020,N/A,Montana,619.75875650036
Montana,N/A,Miles City,N/A,MT020,N/A,Montana,653.99368651069
Montana,N/A,Miles City,N/A,MT020,N/A,Montana,308.04899301040
Montana,N/A,Lewistown,Great Falls Field Station,MT060,N/A,Montana,4.82370672928
Montana,N/A,Lewistown,Great Falls Field Station,MT060,N/A,Montana,28.36730809719
Montana,N/A,Lewistown,Great Falls Field Station,MT060,N/A,Montana,6.70241331771
Montana,N/A,Miles City,N/A,MT020,N/A,Montana,595.12620805075
Montana,N/A,Miles City,N/A,MT020,N/A,Montana,5675.72013588227
Wyoming,N/A,Lander,N/A,WY050,N/A,Wyoming,4539.93458116526
Wyoming,N/A,Lander,N/A,WY050,N/A,Wyoming,506.12908551636
Wyoming,N/A,Lander,N/A,WY050,N/A,Wyoming,233.62818270805
Wyoming,N/A,Lander,N/A,WY050,N/A,Wyoming,42.12197105600
Wyoming,N/A,Worland,N/A,WY010,N/A,Wyoming,23258.05502914335
Wyoming,N/A,Worland,N/A,WY010,N/A,Wyoming,10840.50057858591
Montana,N/A,Butte,N/A,MT070,N/A,Montana,56.15544868440
Wyoming,N/A,Buffalo,N/A,WY070,N/A,Wyoming,12298.30150352286
Wyoming,N/A,Cody,N/A,WY020,N/A,Wyoming,24058.98894108308
Wyoming,N/A,Worland,N/A,WY010,N/A,Wyoming,17094.89547508272
Idaho,Idaho Falls,Challis,N/A,ID300,ID3300,Idaho,49609.65157067035
